id,file_name,storage_path,public_url,mime_type,file_size,uploaded_by,uploaded_at,tags,alt_text,created_at
008a0f70-3b6f-4b40-b067-b8b087a317c9,4808733b-5805-403c-8e7d-e92663946194.jpg?t=1774394112351,incentive-images/4808733b-5805-403c-8e7d-e92663946194.jpg?t=1774394112351,https://dqjjxkmjutejpdajbouy.supabase.co/storage/v1/object/public/brand-assets/incentive-images/4808733b-5805-403c-8e7d-e92663946194.jpg?t=1774394112351,image/jpeg,0,,2026-03-24 23:36:51.474912+00,[],,2026-03-24 23:36:51.474912+00
03e40103-0418-43d1-bfe3-7ac2f6a00e16,1efb4067-35be-4b26-bac4-fb72e7923de7.jpg?t=1774394483522,incentive-images/1efb4067-35be-4b26-bac4-fb72e7923de7.jpg?t=1774394483522,https://dqjjxkmjutejpdajbouy.supabase.co/storage/v1/object/public/brand-assets/incentive-images/1efb4067-35be-4b26-bac4-fb72e7923de7.jpg?t=1774394483522,image/jpeg,0,,2026-03-24 23:36:51.474912+00,[],,2026-03-24 23:36:51.474912+00
04b8c3d3-2aae-4dde-b876-5de2e4df00d2,89aea30c-fc61-4340-b706-f9a54338aa17.jpg?t=1774392833647,incentive-images/89aea30c-fc61-4340-b706-f9a54338aa17.jpg?t=1774392833647,https://dqjjxkmjutejpdajbouy.supabase.co/storage/v1/object/public/brand-assets/incentive-images/89aea30c-fc61-4340-b706-f9a54338aa17.jpg?t=1774392833647,image/jpeg,0,,2026-03-24 23:36:51.474912+00,[],,2026-03-24 23:36:51.474912+00
0510799d-190f-4e00-9352-1063b592b237,91c02c16-0794-4b3b-8654-d040ed7be99d.jpg?t=1774392772718,incentive-images/91c02c16-0794-4b3b-8654-d040ed7be99d.jpg?t=1774392772718,https://dqjjxkmjutejpdajbouy.supabase.co/storage/v1/object/public/brand-assets/incentive-images/91c02c16-0794-4b3b-8654-d040ed7be99d.jpg?t=1774392772718,image/jpeg,0,,2026-03-24 23:36:51.474912+00,[],,2026-03-24 23:36:51.474912+00
06270491-6452-4f91-8922-934785320ab0,28fdf18e-2c42-49e1-b542-e476ed58e4ba.jpg?t=1774393395792,incentive-images/28fdf18e-2c42-49e1-b542-e476ed58e4ba.jpg?t=1774393395792,https://dqjjxkmjutejpdajbouy.supabase.co/storage/v1/object/public/brand-assets/incentive-images/28fdf18e-2c42-49e1-b542-e476ed58e4ba.jpg?t=1774393395792,image/jpeg,0,,2026-03-24 23:36:51.474912+00,[],,2026-03-24 23:36:51.474912+00
070dc287-36dc-4e5a-88d6-9571927e265e,92eb8b25-8851-47d4-a346-ab94554d0295.jpg?t=1774394649044,incentive-images/92eb8b25-8851-47d4-a346-ab94554d0295.jpg?t=1774394649044,https://dqjjxkmjutejpdajbouy.supabase.co/storage/v1/object/public/brand-assets/incentive-images/92eb8b25-8851-47d4-a346-ab94554d0295.jpg?t=1774394649044,image/jpeg,0,,2026-03-24 23:36:51.474912+00,[],,2026-03-24 23:36:51.474912+00
0afb5ca8-86d7-4192-9cc6-db7a6660abd8,630ae835-f55d-4e09-9e3e-d2006d5561b9.jpg?t=1774393011560,incentive-images/630ae835-f55d-4e09-9e3e-d2006d5561b9.jpg?t=1774393011560,https://dqjjxkmjutejpdajbouy.supabase.co/storage/v1/object/public/brand-assets/incentive-images/630ae835-f55d-4e09-9e3e-d2006d5561b9.jpg?t=1774393011560,image/jpeg,0,,2026-03-24 23:36:51.474912+00,[],,2026-03-24 23:36:51.474912+00
0c44ad8a-09d2-4976-970f-5d604a8da201,46215c26-ebe2-4bae-8ead-a3d5aabe5eeb.jpg?t=1774394037269,incentive-images/46215c26-ebe2-4bae-8ead-a3d5aabe5eeb.jpg?t=1774394037269,https://dqjjxkmjutejpdajbouy.supabase.co/storage/v1/object/public/brand-assets/incentive-images/46215c26-ebe2-4bae-8ead-a3d5aabe5eeb.jpg?t=1774394037269,image/jpeg,0,,2026-03-24 23:36:51.474912+00,[],,2026-03-24 23:36:51.474912+00
0df5b299-207e-489b-a285-dd726481e5eb,04ee6434-a3c8-426c-a33a-478fe894cbff.jpg?t=1774392382501,incentive-images/04ee6434-a3c8-426c-a33a-478fe894cbff.jpg?t=1774392382501,https://dqjjxkmjutejpdajbouy.supabase.co/storage/v1/object/public/brand-assets/incentive-images/04ee6434-a3c8-426c-a33a-478fe894cbff.jpg?t=1774392382501,image/jpeg,0,,2026-03-24 23:36:51.474912+00,[],,2026-03-24 23:36:51.474912+00
0e38071a-84f9-4c88-81b7-c741cab2710c,299d45f3-6d63-400a-8e36-ffed89906046.jpg?t=1774393728538,incentive-images/299d45f3-6d63-400a-8e36-ffed89906046.jpg?t=1774393728538,https://dqjjxkmjutejpdajbouy.supabase.co/storage/v1/object/public/brand-assets/incentive-images/299d45f3-6d63-400a-8e36-ffed89906046.jpg?t=1774393728538,image/jpeg,0,,2026-03-24 23:36:51.474912+00,[],,2026-03-24 23:36:51.474912+00
0f35f42a-aae3-4c9e-9e9c-403b920af89a,39ba0c84-c24f-4111-9420-6c2d7f5e048c.jpg?t=1774392734537,incentive-images/39ba0c84-c24f-4111-9420-6c2d7f5e048c.jpg?t=1774392734537,https://dqjjxkmjutejpdajbouy.supabase.co/storage/v1/object/public/brand-assets/incentive-images/39ba0c84-c24f-4111-9420-6c2d7f5e048c.jpg?t=1774392734537,image/jpeg,0,,2026-03-24 23:36:51.474912+00,[],,2026-03-24 23:36:51.474912+00
0f51a4ec-547d-4a35-8ec4-3cd152276805,c2577857-8039-4799-985f-395337f24b92.jpg?t=1774392335583,incentive-images/c2577857-8039-4799-985f-395337f24b92.jpg?t=1774392335583,https://dqjjxkmjutejpdajbouy.supabase.co/storage/v1/object/public/brand-assets/incentive-images/c2577857-8039-4799-985f-395337f24b92.jpg?t=1774392335583,image/jpeg,0,,2026-03-24 23:36:51.474912+00,[],,2026-03-24 23:36:51.474912+00
10586fe6-3ee4-4f19-adb6-0b0d46d05edb,440c7b5c-4f10-4e43-a3db-7c91ca0c67c5.jpg?t=1774394338791,incentive-images/440c7b5c-4f10-4e43-a3db-7c91ca0c67c5.jpg?t=1774394338791,https://dqjjxkmjutejpdajbouy.supabase.co/storage/v1/object/public/brand-assets/incentive-images/440c7b5c-4f10-4e43-a3db-7c91ca0c67c5.jpg?t=1774394338791,image/jpeg,0,,2026-03-24 23:36:51.474912+00,[],,2026-03-24 23:36:51.474912+00
10d58609-9ee8-4fd6-8801-4d4cce117a8c,0abbb0e8-484b-4c31-a0bc-1b54163e4f8d.jpg?t=1774393572999,incentive-images/0abbb0e8-484b-4c31-a0bc-1b54163e4f8d.jpg?t=1774393572999,https://dqjjxkmjutejpdajbouy.supabase.co/storage/v1/object/public/brand-assets/incentive-images/0abbb0e8-484b-4c31-a0bc-1b54163e4f8d.jpg?t=1774393572999,image/jpeg,0,,2026-03-24 23:36:51.474912+00,[],,2026-03-24 23:36:51.474912+00
136e3558-ea94-41f9-9f5b-c720b54760d5,d993599d-e005-41e3-9f3b-1430064505cf.jpg?t=1774392447827,incentive-images/d993599d-e005-41e3-9f3b-1430064505cf.jpg?t=1774392447827,https://dqjjxkmjutejpdajbouy.supabase.co/storage/v1/object/public/brand-assets/incentive-images/d993599d-e005-41e3-9f3b-1430064505cf.jpg?t=1774392447827,image/jpeg,0,,2026-03-24 23:36:51.474912+00,[],,2026-03-24 23:36:51.474912+00
14559ee0-78d7-4ef9-ae49-0a44868fa17f,7c762dc7-7721-424d-8a07-91258541b241.jpg?t=1774393995416,incentive-images/7c762dc7-7721-424d-8a07-91258541b241.jpg?t=1774393995416,https://dqjjxkmjutejpdajbouy.supabase.co/storage/v1/object/public/brand-assets/incentive-images/7c762dc7-7721-424d-8a07-91258541b241.jpg?t=1774393995416,image/jpeg,0,,2026-03-24 23:36:51.474912+00,[],,2026-03-24 23:36:51.474912+00
1462e672-60f9-4218-8d21-2789f7aa686c,1b34a494-9eb0-4646-88c6-2262396413cd.jpg?t=1774393273918,incentive-images/1b34a494-9eb0-4646-88c6-2262396413cd.jpg?t=1774393273918,https://dqjjxkmjutejpdajbouy.supabase.co/storage/v1/object/public/brand-assets/incentive-images/1b34a494-9eb0-4646-88c6-2262396413cd.jpg?t=1774393273918,image/jpeg,0,,2026-03-24 23:36:51.474912+00,[],,2026-03-24 23:36:51.474912+00
15d15a6e-0087-4502-80c8-10466b98c48d,f97796ae-2abe-4fab-9017-949b778c254b.jpg?t=1774392371462,incentive-images/f97796ae-2abe-4fab-9017-949b778c254b.jpg?t=1774392371462,https://dqjjxkmjutejpdajbouy.supabase.co/storage/v1/object/public/brand-assets/incentive-images/f97796ae-2abe-4fab-9017-949b778c254b.jpg?t=1774392371462,image/jpeg,0,,2026-03-24 23:36:51.474912+00,[],,2026-03-24 23:36:51.474912+00
1a51c677-38ac-4900-9bcb-35870a9935f7,6ab1d395-0e75-4a24-9585-8d786f17016a.jpg?t=1774393419438,incentive-images/6ab1d395-0e75-4a24-9585-8d786f17016a.jpg?t=1774393419438,https://dqjjxkmjutejpdajbouy.supabase.co/storage/v1/object/public/brand-assets/incentive-images/6ab1d395-0e75-4a24-9585-8d786f17016a.jpg?t=1774393419438,image/jpeg,0,,2026-03-24 23:36:51.474912+00,[],,2026-03-24 23:36:51.474912+00
1c922819-a2c0-4998-a747-3fa0ba8ea2bf,0cc841c7-eeb1-46bd-a0ff-d39d89b5bd5e.jpg?t=1774393472414,incentive-images/0cc841c7-eeb1-46bd-a0ff-d39d89b5bd5e.jpg?t=1774393472414,https://dqjjxkmjutejpdajbouy.supabase.co/storage/v1/object/public/brand-assets/incentive-images/0cc841c7-eeb1-46bd-a0ff-d39d89b5bd5e.jpg?t=1774393472414,image/jpeg,0,,2026-03-24 23:36:51.474912+00,[],,2026-03-24 23:36:51.474912+00
1c98fac1-d261-44f3-916b-a27048de562c,ed607616-b235-4237-a481-45e09c6822a8.jpg?t=1774393923076,incentive-images/ed607616-b235-4237-a481-45e09c6822a8.jpg?t=1774393923076,https://dqjjxkmjutejpdajbouy.supabase.co/storage/v1/object/public/brand-assets/incentive-images/ed607616-b235-4237-a481-45e09c6822a8.jpg?t=1774393923076,image/jpeg,0,,2026-03-24 23:36:51.474912+00,[],,2026-03-24 23:36:51.474912+00
1cd4608f-e091-498e-988e-aec87629043a,3ac839d9-396b-4b65-8056-43f2c25c5091.jpg?t=1774394295944,incentive-images/3ac839d9-396b-4b65-8056-43f2c25c5091.jpg?t=1774394295944,https://dqjjxkmjutejpdajbouy.supabase.co/storage/v1/object/public/brand-assets/incentive-images/3ac839d9-396b-4b65-8056-43f2c25c5091.jpg?t=1774394295944,image/jpeg,0,,2026-03-24 23:36:51.474912+00,[],,2026-03-24 23:36:51.474912+00
1d934eb2-f0ee-4316-b146-c70ba63a8c97,0879014b-7991-4ccc-8a84-deec14500170.jpg?t=1774393177495,incentive-images/0879014b-7991-4ccc-8a84-deec14500170.jpg?t=1774393177495,https://dqjjxkmjutejpdajbouy.supabase.co/storage/v1/object/public/brand-assets/incentive-images/0879014b-7991-4ccc-8a84-deec14500170.jpg?t=1774393177495,image/jpeg,0,,2026-03-24 23:36:51.474912+00,[],,2026-03-24 23:36:51.474912+00
1dc1d42d-0f02-43d7-8789-628d933202d5,630e9b6a-a9be-4d8f-82e3-91dc40daf02c.jpg?t=1774393910708,incentive-images/630e9b6a-a9be-4d8f-82e3-91dc40daf02c.jpg?t=1774393910708,https://dqjjxkmjutejpdajbouy.supabase.co/storage/v1/object/public/brand-assets/incentive-images/630e9b6a-a9be-4d8f-82e3-91dc40daf02c.jpg?t=1774393910708,image/jpeg,0,,2026-03-24 23:36:51.474912+00,[],,2026-03-24 23:36:51.474912+00
1f170867-35f6-4b49-9a79-e142c6c08ad1,c14c7242-fb23-4847-8810-5b43fd6c1d67.jpg?t=1774394507532,incentive-images/c14c7242-fb23-4847-8810-5b43fd6c1d67.jpg?t=1774394507532,https://dqjjxkmjutejpdajbouy.supabase.co/storage/v1/object/public/brand-assets/incentive-images/c14c7242-fb23-4847-8810-5b43fd6c1d67.jpg?t=1774394507532,image/jpeg,0,,2026-03-24 23:36:51.474912+00,[],,2026-03-24 23:36:51.474912+00
225de93d-9a3b-442f-acda-63919220f3d2,0a0a0b74-2a70-4f33-bf74-386353cd65f1.jpg?t=1774393882906,incentive-images/0a0a0b74-2a70-4f33-bf74-386353cd65f1.jpg?t=1774393882906,https://dqjjxkmjutejpdajbouy.supabase.co/storage/v1/object/public/brand-assets/incentive-images/0a0a0b74-2a70-4f33-bf74-386353cd65f1.jpg?t=1774393882906,image/jpeg,0,,2026-03-24 23:36:51.474912+00,[],,2026-03-24 23:36:51.474912+00
238a6957-d9e1-415a-b139-dc361ba8577c,edc6cd92-cf7e-416a-8044-0654c0a4d02e.jpg?t=1774393311278,incentive-images/edc6cd92-cf7e-416a-8044-0654c0a4d02e.jpg?t=1774393311278,https://dqjjxkmjutejpdajbouy.supabase.co/storage/v1/object/public/brand-assets/incentive-images/edc6cd92-cf7e-416a-8044-0654c0a4d02e.jpg?t=1774393311278,image/jpeg,0,,2026-03-24 23:36:51.474912+00,[],,2026-03-24 23:36:51.474912+00
250a4f6e-ef04-4236-bd34-9d8a479209d7,Air Source Heat Pump.webp,bed1c591-7fcc-4213-9d2b-ac56f7e8a5f1/1774406532467_Air_Source_Heat_Pump.webp,https://dqjjxkmjutejpdajbouy.supabase.co/storage/v1/object/public/program-images/bed1c591-7fcc-4213-9d2b-ac56f7e8a5f1/1774406532467_Air_Source_Heat_Pump.webp,image/webp,46184,,2026-03-25 02:42:12.921757+00,[],,2026-03-25 02:42:12.921757+00
25515af9-320a-48cb-bee3-e2fb3d581e15,ee336611-59ea-4f06-b6a1-fd21ef88fd88.jpg?t=1774394078397,incentive-images/ee336611-59ea-4f06-b6a1-fd21ef88fd88.jpg?t=1774394078397,https://dqjjxkmjutejpdajbouy.supabase.co/storage/v1/object/public/brand-assets/incentive-images/ee336611-59ea-4f06-b6a1-fd21ef88fd88.jpg?t=1774394078397,image/jpeg,0,,2026-03-24 23:36:51.474912+00,[],,2026-03-24 23:36:51.474912+00
29a95b85-b01a-4bde-9c87-1a97e2ec3cd1,bc016b9b-deb5-44c4-b2c8-8aed3c584b26.jpg?t=1774393197584,incentive-images/bc016b9b-deb5-44c4-b2c8-8aed3c584b26.jpg?t=1774393197584,https://dqjjxkmjutejpdajbouy.supabase.co/storage/v1/object/public/brand-assets/incentive-images/bc016b9b-deb5-44c4-b2c8-8aed3c584b26.jpg?t=1774393197584,image/jpeg,0,,2026-03-24 23:36:51.474912+00,[],,2026-03-24 23:36:51.474912+00
29de07e0-40a8-4693-a289-9b40264c030e,79465cd1-d722-4a7b-8e77-cf2ae8dbdb92.jpg?t=1774392399753,incentive-images/79465cd1-d722-4a7b-8e77-cf2ae8dbdb92.jpg?t=1774392399753,https://dqjjxkmjutejpdajbouy.supabase.co/storage/v1/object/public/brand-assets/incentive-images/79465cd1-d722-4a7b-8e77-cf2ae8dbdb92.jpg?t=1774392399753,image/jpeg,0,,2026-03-24 23:36:51.474912+00,[],,2026-03-24 23:36:51.474912+00
2bacb121-795a-480b-b34d-5c0961090863,299423e1-a9cf-44b8-aad6-8f9f07f4bf99.jpg?t=1774393114926,incentive-images/299423e1-a9cf-44b8-aad6-8f9f07f4bf99.jpg?t=1774393114926,https://dqjjxkmjutejpdajbouy.supabase.co/storage/v1/object/public/brand-assets/incentive-images/299423e1-a9cf-44b8-aad6-8f9f07f4bf99.jpg?t=1774393114926,image/jpeg,0,,2026-03-24 23:36:51.474912+00,[],,2026-03-24 23:36:51.474912+00
2bee035f-2084-44b2-ab3f-86e2d1ce164f,3719573f-62c3-4fe3-ba5a-84abda10b5eb.jpg?t=1774394224064,incentive-images/3719573f-62c3-4fe3-ba5a-84abda10b5eb.jpg?t=1774394224064,https://dqjjxkmjutejpdajbouy.supabase.co/storage/v1/object/public/brand-assets/incentive-images/3719573f-62c3-4fe3-ba5a-84abda10b5eb.jpg?t=1774394224064,image/jpeg,0,,2026-03-24 23:36:51.474912+00,[],,2026-03-24 23:36:51.474912+00
30c7a093-cc1f-4e31-9752-b0fc11428b98,4f70d546-c930-45ea-9c09-13eea8d8743d.jpg?t=1774392325397,incentive-images/4f70d546-c930-45ea-9c09-13eea8d8743d.jpg?t=1774392325397,https://dqjjxkmjutejpdajbouy.supabase.co/storage/v1/object/public/brand-assets/incentive-images/4f70d546-c930-45ea-9c09-13eea8d8743d.jpg?t=1774392325397,image/jpeg,0,,2026-03-24 23:36:51.474912+00,[],,2026-03-24 23:36:51.474912+00
33e4dfc9-0761-447e-a177-03ff7458effa,Honeywell Smart Thermostat.jpg,79465cd1-d722-4a7b-8e77-cf2ae8dbdb92/1774563833006.jpg,https://dqjjxkmjutejpdajbouy.supabase.co/storage/v1/object/public/program-images/79465cd1-d722-4a7b-8e77-cf2ae8dbdb92/1774563833006.jpg,image/jpeg,69644,,2026-03-26 22:23:53.659361+00,[],,2026-03-26 22:23:53.659361+00
348a1939-a07c-4173-a89d-32a902a374d9,a5c84ac0-7e66-4620-babe-a132cb8f8f23.jpg?t=1774392770276,incentive-images/a5c84ac0-7e66-4620-babe-a132cb8f8f23.jpg?t=1774392770276,https://dqjjxkmjutejpdajbouy.supabase.co/storage/v1/object/public/brand-assets/incentive-images/a5c84ac0-7e66-4620-babe-a132cb8f8f23.jpg?t=1774392770276,image/jpeg,0,,2026-03-24 23:36:51.474912+00,[],,2026-03-24 23:36:51.474912+00
36d5d3a0-ec64-4def-9fb7-96ec0419785d,a5452919-3ed6-4d84-88d9-5a30afac67fd.jpg?t=1774392920817,incentive-images/a5452919-3ed6-4d84-88d9-5a30afac67fd.jpg?t=1774392920817,https://dqjjxkmjutejpdajbouy.supabase.co/storage/v1/object/public/brand-assets/incentive-images/a5452919-3ed6-4d84-88d9-5a30afac67fd.jpg?t=1774392920817,image/jpeg,0,,2026-03-24 23:36:51.474912+00,[],,2026-03-24 23:36:51.474912+00
37f68477-0b3b-4feb-a491-5c994865a4e0,4eb83aa4-f235-48d3-a442-786581cfc095.jpg?t=1774394125334,incentive-images/4eb83aa4-f235-48d3-a442-786581cfc095.jpg?t=1774394125334,https://dqjjxkmjutejpdajbouy.supabase.co/storage/v1/object/public/brand-assets/incentive-images/4eb83aa4-f235-48d3-a442-786581cfc095.jpg?t=1774394125334,image/jpeg,0,,2026-03-24 23:36:51.474912+00,[],,2026-03-24 23:36:51.474912+00
380a4b1a-83dd-444e-a5f6-45f48f9a5b00,f867bd8c-b5e2-4439-a37c-0f95adff7b2b.jpg?t=1774394212229,incentive-images/f867bd8c-b5e2-4439-a37c-0f95adff7b2b.jpg?t=1774394212229,https://dqjjxkmjutejpdajbouy.supabase.co/storage/v1/object/public/brand-assets/incentive-images/f867bd8c-b5e2-4439-a37c-0f95adff7b2b.jpg?t=1774394212229,image/jpeg,0,,2026-03-24 23:36:51.474912+00,[],,2026-03-24 23:36:51.474912+00
39479c48-d252-407a-bb4e-f1ab6793f95f,f98e7bef-8ee6-42fa-8258-cfe5c305b38b.jpg?t=1774394673009,incentive-images/f98e7bef-8ee6-42fa-8258-cfe5c305b38b.jpg?t=1774394673009,https://dqjjxkmjutejpdajbouy.supabase.co/storage/v1/object/public/brand-assets/incentive-images/f98e7bef-8ee6-42fa-8258-cfe5c305b38b.jpg?t=1774394673009,image/jpeg,0,,2026-03-24 23:36:51.474912+00,[],,2026-03-24 23:36:51.474912+00
398046c9-faff-45f9-8d5d-0e3243e37a64,f881eed8-8744-4d1b-bbb5-68ddc0cede64.jpg?t=1774393450095,incentive-images/f881eed8-8744-4d1b-bbb5-68ddc0cede64.jpg?t=1774393450095,https://dqjjxkmjutejpdajbouy.supabase.co/storage/v1/object/public/brand-assets/incentive-images/f881eed8-8744-4d1b-bbb5-68ddc0cede64.jpg?t=1774393450095,image/jpeg,0,,2026-03-24 23:36:51.474912+00,[],,2026-03-24 23:36:51.474912+00
3c669e01-f256-402c-bb92-84346436d64f,0adf2766-ceae-4435-bb83-d36a92878799.jpg?t=1774393372489,incentive-images/0adf2766-ceae-4435-bb83-d36a92878799.jpg?t=1774393372489,https://dqjjxkmjutejpdajbouy.supabase.co/storage/v1/object/public/brand-assets/incentive-images/0adf2766-ceae-4435-bb83-d36a92878799.jpg?t=1774393372489,image/jpeg,0,,2026-03-24 23:36:51.474912+00,[],,2026-03-24 23:36:51.474912+00
3f929540-3f7f-4712-8e7e-3487858039c6,27163fec-5f13-4d28-b978-7bc4360e04fd.jpg?t=1774394286058,incentive-images/27163fec-5f13-4d28-b978-7bc4360e04fd.jpg?t=1774394286058,https://dqjjxkmjutejpdajbouy.supabase.co/storage/v1/object/public/brand-assets/incentive-images/27163fec-5f13-4d28-b978-7bc4360e04fd.jpg?t=1774394286058,image/jpeg,0,,2026-03-24 23:36:51.474912+00,[],,2026-03-24 23:36:51.474912+00
3f947b8a-a828-4664-b1c2-dc6670b7a68d,2f50c39c-940b-4d1b-bfe9-622fd68de00b.jpg?t=1774392625171,incentive-images/2f50c39c-940b-4d1b-bfe9-622fd68de00b.jpg?t=1774392625171,https://dqjjxkmjutejpdajbouy.supabase.co/storage/v1/object/public/brand-assets/incentive-images/2f50c39c-940b-4d1b-bfe9-622fd68de00b.jpg?t=1774392625171,image/jpeg,0,,2026-03-24 23:36:51.474912+00,[],,2026-03-24 23:36:51.474912+00
40a31e3c-5747-4059-9ebc-16d9c78f5103,d7a08622-548b-4315-baa7-41eee47ad64d.jpg?t=1774392567349,incentive-images/d7a08622-548b-4315-baa7-41eee47ad64d.jpg?t=1774392567349,https://dqjjxkmjutejpdajbouy.supabase.co/storage/v1/object/public/brand-assets/incentive-images/d7a08622-548b-4315-baa7-41eee47ad64d.jpg?t=1774392567349,image/jpeg,0,,2026-03-24 23:36:51.474912+00,[],,2026-03-24 23:36:51.474912+00
42556fb2-cbe5-4585-b57b-454debeb319c,0a44b917-dce7-4e29-866d-0eda82d2e04c.jpg?t=1774392591190,incentive-images/0a44b917-dce7-4e29-866d-0eda82d2e04c.jpg?t=1774392591190,https://dqjjxkmjutejpdajbouy.supabase.co/storage/v1/object/public/brand-assets/incentive-images/0a44b917-dce7-4e29-866d-0eda82d2e04c.jpg?t=1774392591190,image/jpeg,0,,2026-03-24 23:36:51.474912+00,[],,2026-03-24 23:36:51.474912+00
432d09a4-599d-4ac3-861a-a3fe0a03d49d,c494bf61-b9d1-40e2-8184-2c2b0f03d53c.jpg?t=1774393484195,incentive-images/c494bf61-b9d1-40e2-8184-2c2b0f03d53c.jpg?t=1774393484195,https://dqjjxkmjutejpdajbouy.supabase.co/storage/v1/object/public/brand-assets/incentive-images/c494bf61-b9d1-40e2-8184-2c2b0f03d53c.jpg?t=1774393484195,image/jpeg,0,,2026-03-24 23:36:51.474912+00,[],,2026-03-24 23:36:51.474912+00
433903ce-f032-44d7-b33d-d26ea2cae8e1,4aaa2fb9-91d4-49fe-a105-2c0e7a280e30.jpg?t=1774392793904,incentive-images/4aaa2fb9-91d4-49fe-a105-2c0e7a280e30.jpg?t=1774392793904,https://dqjjxkmjutejpdajbouy.supabase.co/storage/v1/object/public/brand-assets/incentive-images/4aaa2fb9-91d4-49fe-a105-2c0e7a280e30.jpg?t=1774392793904,image/jpeg,0,,2026-03-24 23:36:51.474912+00,[],,2026-03-24 23:36:51.474912+00
442413d7-5364-4c8d-9b1a-a2d8ba27a0e0,7d304f9c-9930-412f-8c5d-f60e348ec4b0.jpg?t=1774392852820,incentive-images/7d304f9c-9930-412f-8c5d-f60e348ec4b0.jpg?t=1774392852820,https://dqjjxkmjutejpdajbouy.supabase.co/storage/v1/object/public/brand-assets/incentive-images/7d304f9c-9930-412f-8c5d-f60e348ec4b0.jpg?t=1774392852820,image/jpeg,0,,2026-03-24 23:36:51.474912+00,[],,2026-03-24 23:36:51.474912+00
45f6a248-5992-440f-ba1f-32dd75dd3095,c2e9b0fd-b31c-4f0c-986f-89f6df9154e3.jpg?t=1774393131314,incentive-images/c2e9b0fd-b31c-4f0c-986f-89f6df9154e3.jpg?t=1774393131314,https://dqjjxkmjutejpdajbouy.supabase.co/storage/v1/object/public/brand-assets/incentive-images/c2e9b0fd-b31c-4f0c-986f-89f6df9154e3.jpg?t=1774393131314,image/jpeg,0,,2026-03-24 23:36:51.474912+00,[],,2026-03-24 23:36:51.474912+00
47054566-51ee-441a-9e98-61f5f7a8cf0e,4a7319f5-b240-4a04-9399-564ddb142aa9.jpg?t=1774394633648,incentive-images/4a7319f5-b240-4a04-9399-564ddb142aa9.jpg?t=1774394633648,https://dqjjxkmjutejpdajbouy.supabase.co/storage/v1/object/public/brand-assets/incentive-images/4a7319f5-b240-4a04-9399-564ddb142aa9.jpg?t=1774394633648,image/jpeg,0,,2026-03-24 23:36:51.474912+00,[],,2026-03-24 23:36:51.474912+00
47b8b9ff-ac64-406e-98ad-768e99ddef2f,6522f001-d11f-4d0f-91bf-f8642ed395f2.jpg?t=1774394561023,incentive-images/6522f001-d11f-4d0f-91bf-f8642ed395f2.jpg?t=1774394561023,https://dqjjxkmjutejpdajbouy.supabase.co/storage/v1/object/public/brand-assets/incentive-images/6522f001-d11f-4d0f-91bf-f8642ed395f2.jpg?t=1774394561023,image/jpeg,0,,2026-03-24 23:36:51.474912+00,[],,2026-03-24 23:36:51.474912+00
4824025f-7065-4f73-a562-7dfc2388677f,c86c758a-d83f-437c-935f-c666e5420785.jpg?t=1774394659835,incentive-images/c86c758a-d83f-437c-935f-c666e5420785.jpg?t=1774394659835,https://dqjjxkmjutejpdajbouy.supabase.co/storage/v1/object/public/brand-assets/incentive-images/c86c758a-d83f-437c-935f-c666e5420785.jpg?t=1774394659835,image/jpeg,0,,2026-03-24 23:36:51.474912+00,[],,2026-03-24 23:36:51.474912+00
491d9e0c-678a-48a4-9a47-74c8beecb17a,15d4dce0-e185-4385-9541-00e0e2f7caf3.jpg?t=1774393151820,incentive-images/15d4dce0-e185-4385-9541-00e0e2f7caf3.jpg?t=1774393151820,https://dqjjxkmjutejpdajbouy.supabase.co/storage/v1/object/public/brand-assets/incentive-images/15d4dce0-e185-4385-9541-00e0e2f7caf3.jpg?t=1774393151820,image/jpeg,0,,2026-03-24 23:36:51.474912+00,[],,2026-03-24 23:36:51.474912+00
4943a938-ff3b-4849-8519-cb68a3626a59,4433e6b9-c091-4570-9413-e4a90deeb674.jpg?t=1774394102844,incentive-images/4433e6b9-c091-4570-9413-e4a90deeb674.jpg?t=1774394102844,https://dqjjxkmjutejpdajbouy.supabase.co/storage/v1/object/public/brand-assets/incentive-images/4433e6b9-c091-4570-9413-e4a90deeb674.jpg?t=1774394102844,image/jpeg,0,,2026-03-24 23:36:51.474912+00,[],,2026-03-24 23:36:51.474912+00
4a926acf-a33a-4fda-ad5b-e76beefc83f9,a6b80daf-3010-46da-86d0-ff2ff8bedc92.jpg?t=1774394549542,incentive-images/a6b80daf-3010-46da-86d0-ff2ff8bedc92.jpg?t=1774394549542,https://dqjjxkmjutejpdajbouy.supabase.co/storage/v1/object/public/brand-assets/incentive-images/a6b80daf-3010-46da-86d0-ff2ff8bedc92.jpg?t=1774394549542,image/jpeg,0,,2026-03-24 23:36:51.474912+00,[],,2026-03-24 23:36:51.474912+00
4b72ede6-8a90-4131-8faa-54af9a2a73f7,d839e833-fdd1-4b99-ad44-b26f978087f6.jpg?t=1774392415485,incentive-images/d839e833-fdd1-4b99-ad44-b26f978087f6.jpg?t=1774392415485,https://dqjjxkmjutejpdajbouy.supabase.co/storage/v1/object/public/brand-assets/incentive-images/d839e833-fdd1-4b99-ad44-b26f978087f6.jpg?t=1774392415485,image/jpeg,0,,2026-03-24 23:36:51.474912+00,[],,2026-03-24 23:36:51.474912+00
4cb58a4f-94bb-40b0-bc89-bf129ba23e90,6bfe638d-d0b7-4c64-9d1a-cfdb4f76f888.jpg?t=1774393950875,incentive-images/6bfe638d-d0b7-4c64-9d1a-cfdb4f76f888.jpg?t=1774393950875,https://dqjjxkmjutejpdajbouy.supabase.co/storage/v1/object/public/brand-assets/incentive-images/6bfe638d-d0b7-4c64-9d1a-cfdb4f76f888.jpg?t=1774393950875,image/jpeg,0,,2026-03-24 23:36:51.474912+00,[],,2026-03-24 23:36:51.474912+00
4cb9325d-5986-45a0-867a-6422d98375c0,da7a3069-4d2d-45b0-8199-3589f6f6e3c9.jpg?t=1774393440988,incentive-images/da7a3069-4d2d-45b0-8199-3589f6f6e3c9.jpg?t=1774393440988,https://dqjjxkmjutejpdajbouy.supabase.co/storage/v1/object/public/brand-assets/incentive-images/da7a3069-4d2d-45b0-8199-3589f6f6e3c9.jpg?t=1774393440988,image/jpeg,0,,2026-03-24 23:36:51.474912+00,[],,2026-03-24 23:36:51.474912+00
4da603d5-8df3-440f-b610-6d69b58a8ac9,8dc1f1f2-6e8e-47cb-b940-e474811a3982.jpg?t=1774394603916,incentive-images/8dc1f1f2-6e8e-47cb-b940-e474811a3982.jpg?t=1774394603916,https://dqjjxkmjutejpdajbouy.supabase.co/storage/v1/object/public/brand-assets/incentive-images/8dc1f1f2-6e8e-47cb-b940-e474811a3982.jpg?t=1774394603916,image/jpeg,0,,2026-03-24 23:36:51.474912+00,[],,2026-03-24 23:36:51.474912+00
4da63b55-a015-4f7c-9f4f-5d7d63d439f5,4e5cde80-8ba5-402b-82e5-d18a1baae8a2.jpg?t=1774393534326,incentive-images/4e5cde80-8ba5-402b-82e5-d18a1baae8a2.jpg?t=1774393534326,https://dqjjxkmjutejpdajbouy.supabase.co/storage/v1/object/public/brand-assets/incentive-images/4e5cde80-8ba5-402b-82e5-d18a1baae8a2.jpg?t=1774393534326,image/jpeg,0,,2026-03-24 23:36:51.474912+00,[],,2026-03-24 23:36:51.474912+00
4f72bec1-5754-43cd-8869-e07b73b44b49,47bc5f83-566f-4b77-bb5f-f2daad39c449.jpg?t=1774394428152,incentive-images/47bc5f83-566f-4b77-bb5f-f2daad39c449.jpg?t=1774394428152,https://dqjjxkmjutejpdajbouy.supabase.co/storage/v1/object/public/brand-assets/incentive-images/47bc5f83-566f-4b77-bb5f-f2daad39c449.jpg?t=1774394428152,image/jpeg,0,,2026-03-24 23:36:51.474912+00,[],,2026-03-24 23:36:51.474912+00
50366edb-7de6-494f-84e8-0093dd7810c4,585e36fc-c5e4-4273-a621-8840a2ec9fcb.jpg?t=1774393936460,incentive-images/585e36fc-c5e4-4273-a621-8840a2ec9fcb.jpg?t=1774393936460,https://dqjjxkmjutejpdajbouy.supabase.co/storage/v1/object/public/brand-assets/incentive-images/585e36fc-c5e4-4273-a621-8840a2ec9fcb.jpg?t=1774393936460,image/jpeg,0,,2026-03-24 23:36:51.474912+00,[],,2026-03-24 23:36:51.474912+00
51b0a2b2-48a4-4cae-83b8-e546136fc570,f8c99c91-f71d-41d4-8a91-b48315ada75c.jpg?t=1774392539347,incentive-images/f8c99c91-f71d-41d4-8a91-b48315ada75c.jpg?t=1774392539347,https://dqjjxkmjutejpdajbouy.supabase.co/storage/v1/object/public/brand-assets/incentive-images/f8c99c91-f71d-41d4-8a91-b48315ada75c.jpg?t=1774392539347,image/jpeg,0,,2026-03-24 23:36:51.474912+00,[],,2026-03-24 23:36:51.474912+00
5691e5a8-b7b1-4b6e-97f5-93eefd7e4848,bed1c591-7fcc-4213-9d2b-ac56f7e8a5f1.jpg?t=1774393613141,incentive-images/bed1c591-7fcc-4213-9d2b-ac56f7e8a5f1.jpg?t=1774393613141,https://dqjjxkmjutejpdajbouy.supabase.co/storage/v1/object/public/brand-assets/incentive-images/bed1c591-7fcc-4213-9d2b-ac56f7e8a5f1.jpg?t=1774393613141,image/jpeg,0,,2026-03-24 23:36:51.474912+00,[],,2026-03-24 23:36:51.474912+00
57e71893-b1d7-4d3d-a185-f66ddae3dcda,8cb2368a-8842-4947-93ae-bbe3416951ed.jpg?t=1774394378060,incentive-images/8cb2368a-8842-4947-93ae-bbe3416951ed.jpg?t=1774394378060,https://dqjjxkmjutejpdajbouy.supabase.co/storage/v1/object/public/brand-assets/incentive-images/8cb2368a-8842-4947-93ae-bbe3416951ed.jpg?t=1774394378060,image/jpeg,0,,2026-03-24 23:36:51.474912+00,[],,2026-03-24 23:36:51.474912+00
58299a6e-6659-4021-b590-3b591d1ff92c,0f3ac0a7-c90a-48a4-84ea-8e1852774184.jpg?t=1774394749085,incentive-images/0f3ac0a7-c90a-48a4-84ea-8e1852774184.jpg?t=1774394749085,https://dqjjxkmjutejpdajbouy.supabase.co/storage/v1/object/public/brand-assets/incentive-images/0f3ac0a7-c90a-48a4-84ea-8e1852774184.jpg?t=1774394749085,image/jpeg,0,,2026-03-24 23:36:51.474912+00,[],,2026-03-24 23:36:51.474912+00
583a1aad-f1ce-4adf-8300-b436f46ff9da,6f446995-7b95-4a76-940d-ccee67c4ff2c.jpg?t=1774392657046,incentive-images/6f446995-7b95-4a76-940d-ccee67c4ff2c.jpg?t=1774392657046,https://dqjjxkmjutejpdajbouy.supabase.co/storage/v1/object/public/brand-assets/incentive-images/6f446995-7b95-4a76-940d-ccee67c4ff2c.jpg?t=1774392657046,image/jpeg,0,,2026-03-24 23:36:51.474912+00,[],,2026-03-24 23:36:51.474912+00
5a591d2c-8e89-4188-b967-a8f1bb038a65,fb9b1415-ce26-419b-b6e5-1cd4b289b0e4.jpg?t=1774394710550,incentive-images/fb9b1415-ce26-419b-b6e5-1cd4b289b0e4.jpg?t=1774394710550,https://dqjjxkmjutejpdajbouy.supabase.co/storage/v1/object/public/brand-assets/incentive-images/fb9b1415-ce26-419b-b6e5-1cd4b289b0e4.jpg?t=1774394710550,image/jpeg,0,,2026-03-24 23:36:51.474912+00,[],,2026-03-24 23:36:51.474912+00
5d2c93f7-0ba7-4a0f-8f54-ad8517e8e840,5b9e5500-9e33-4e45-a01c-3911b0e719a2.jpg?t=1774392812979,incentive-images/5b9e5500-9e33-4e45-a01c-3911b0e719a2.jpg?t=1774392812979,https://dqjjxkmjutejpdajbouy.supabase.co/storage/v1/object/public/brand-assets/incentive-images/5b9e5500-9e33-4e45-a01c-3911b0e719a2.jpg?t=1774392812979,image/jpeg,0,,2026-03-24 23:36:51.474912+00,[],,2026-03-24 23:36:51.474912+00
5f84b87e-aa09-4c02-b5fe-dca7c6729901,b9ed209f-7c79-4516-b91b-de5cab7557d5.jpg?t=1774392802509,incentive-images/b9ed209f-7c79-4516-b91b-de5cab7557d5.jpg?t=1774392802509,https://dqjjxkmjutejpdajbouy.supabase.co/storage/v1/object/public/brand-assets/incentive-images/b9ed209f-7c79-4516-b91b-de5cab7557d5.jpg?t=1774392802509,image/jpeg,0,,2026-03-24 23:36:51.474912+00,[],,2026-03-24 23:36:51.474912+00
6033af46-dca5-451c-8701-91539970f368,54dff742-f514-4560-abb8-c5cbe38b8181.jpg?t=1774393858098,incentive-images/54dff742-f514-4560-abb8-c5cbe38b8181.jpg?t=1774393858098,https://dqjjxkmjutejpdajbouy.supabase.co/storage/v1/object/public/brand-assets/incentive-images/54dff742-f514-4560-abb8-c5cbe38b8181.jpg?t=1774393858098,image/jpeg,0,,2026-03-24 23:36:51.474912+00,[],,2026-03-24 23:36:51.474912+00
66066291-5662-4985-ad54-2a1166c5a953,95aad1f4-05a3-4884-9df7-95eabfb5d00d.jpg?t=1774393811691,incentive-images/95aad1f4-05a3-4884-9df7-95eabfb5d00d.jpg?t=1774393811691,https://dqjjxkmjutejpdajbouy.supabase.co/storage/v1/object/public/brand-assets/incentive-images/95aad1f4-05a3-4884-9df7-95eabfb5d00d.jpg?t=1774393811691,image/jpeg,0,,2026-03-24 23:36:51.474912+00,[],,2026-03-24 23:36:51.474912+00
67d543f7-741d-4e8b-aeab-39dd67950f83,b13a4862-a129-4976-9cf3-f1368913a14f.jpg?t=1774392987526,incentive-images/b13a4862-a129-4976-9cf3-f1368913a14f.jpg?t=1774392987526,https://dqjjxkmjutejpdajbouy.supabase.co/storage/v1/object/public/brand-assets/incentive-images/b13a4862-a129-4976-9cf3-f1368913a14f.jpg?t=1774392987526,image/jpeg,0,,2026-03-24 23:36:51.474912+00,[],,2026-03-24 23:36:51.474912+00
68e77b5e-21f3-4de5-b7d8-8683439a08c0,ab18d5cf-6a9d-4805-ab85-4054d01e0bfd.jpg?t=1774392486845,incentive-images/ab18d5cf-6a9d-4805-ab85-4054d01e0bfd.jpg?t=1774392486845,https://dqjjxkmjutejpdajbouy.supabase.co/storage/v1/object/public/brand-assets/incentive-images/ab18d5cf-6a9d-4805-ab85-4054d01e0bfd.jpg?t=1774392486845,image/jpeg,0,,2026-03-24 23:36:51.474912+00,[],,2026-03-24 23:36:51.474912+00
697ed33a-fce3-4a7c-9a65-20a0de0cb224,4457051f-eb45-48e8-b2cd-3b857728b6d9.jpg?t=1774394320081,incentive-images/4457051f-eb45-48e8-b2cd-3b857728b6d9.jpg?t=1774394320081,https://dqjjxkmjutejpdajbouy.supabase.co/storage/v1/object/public/brand-assets/incentive-images/4457051f-eb45-48e8-b2cd-3b857728b6d9.jpg?t=1774394320081,image/jpeg,0,,2026-03-24 23:36:51.474912+00,[],,2026-03-24 23:36:51.474912+00
698bf40b-0e13-4bb7-8bf4-2d51b98ba10b,b360102a-675a-4f8e-a33f-96b1d03ff740.jpg?t=1774394725771,incentive-images/b360102a-675a-4f8e-a33f-96b1d03ff740.jpg?t=1774394725771,https://dqjjxkmjutejpdajbouy.supabase.co/storage/v1/object/public/brand-assets/incentive-images/b360102a-675a-4f8e-a33f-96b1d03ff740.jpg?t=1774394725771,image/jpeg,0,,2026-03-24 23:36:51.474912+00,[],,2026-03-24 23:36:51.474912+00
6b986625-2ffb-42cb-8d22-933bc55446d5,4fe5b797-474e-44bc-9020-8e1d1bbc5b2e.jpg?t=1774393750219,incentive-images/4fe5b797-474e-44bc-9020-8e1d1bbc5b2e.jpg?t=1774393750219,https://dqjjxkmjutejpdajbouy.supabase.co/storage/v1/object/public/brand-assets/incentive-images/4fe5b797-474e-44bc-9020-8e1d1bbc5b2e.jpg?t=1774393750219,image/jpeg,0,,2026-03-24 23:36:51.474912+00,[],,2026-03-24 23:36:51.474912+00
6bcbe94a-82f2-4c68-8071-53ecdfd47250,ec5e26a1-4d8e-4ba5-8e81-c6cf216e7766.jpg?t=1774393077473,incentive-images/ec5e26a1-4d8e-4ba5-8e81-c6cf216e7766.jpg?t=1774393077473,https://dqjjxkmjutejpdajbouy.supabase.co/storage/v1/object/public/brand-assets/incentive-images/ec5e26a1-4d8e-4ba5-8e81-c6cf216e7766.jpg?t=1774393077473,image/jpeg,0,,2026-03-24 23:36:51.474912+00,[],,2026-03-24 23:36:51.474912+00
6e21484c-f8dd-4f9b-b0e7-ae60355b1bf9,ac2b68cb-b59f-4c3b-8814-ef40d23ace4a.jpg?t=1774394056234,incentive-images/ac2b68cb-b59f-4c3b-8814-ef40d23ace4a.jpg?t=1774394056234,https://dqjjxkmjutejpdajbouy.supabase.co/storage/v1/object/public/brand-assets/incentive-images/ac2b68cb-b59f-4c3b-8814-ef40d23ace4a.jpg?t=1774394056234,image/jpeg,0,,2026-03-24 23:36:51.474912+00,[],,2026-03-24 23:36:51.474912+00
6e234d5c-58de-4928-b484-8e559f01c993,23d383a4-7dad-4069-b8a0-6d1e5e10f463.jpg?t=1774393386070,incentive-images/23d383a4-7dad-4069-b8a0-6d1e5e10f463.jpg?t=1774393386070,https://dqjjxkmjutejpdajbouy.supabase.co/storage/v1/object/public/brand-assets/incentive-images/23d383a4-7dad-4069-b8a0-6d1e5e10f463.jpg?t=1774393386070,image/jpeg,0,,2026-03-24 23:36:51.474912+00,[],,2026-03-24 23:36:51.474912+00
6f46ec6e-e16e-49c4-87d8-bfbebe53af21,efd4cdb4-73b6-4387-bce5-0aadb08abff6.jpg?t=1774393688207,incentive-images/efd4cdb4-73b6-4387-bce5-0aadb08abff6.jpg?t=1774393688207,https://dqjjxkmjutejpdajbouy.supabase.co/storage/v1/object/public/brand-assets/incentive-images/efd4cdb4-73b6-4387-bce5-0aadb08abff6.jpg?t=1774393688207,image/jpeg,0,,2026-03-24 23:36:51.474912+00,[],,2026-03-24 23:36:51.474912+00
6fdc858b-35bf-4b34-b5a8-87b24c34f24b,aaaa615c-ae37-407b-9abb-ad66ce748509.jpg?t=1774394089992,incentive-images/aaaa615c-ae37-407b-9abb-ad66ce748509.jpg?t=1774394089992,https://dqjjxkmjutejpdajbouy.supabase.co/storage/v1/object/public/brand-assets/incentive-images/aaaa615c-ae37-407b-9abb-ad66ce748509.jpg?t=1774394089992,image/jpeg,0,,2026-03-24 23:36:51.474912+00,[],,2026-03-24 23:36:51.474912+00
715bd61a-0c05-4b1c-b7f5-a2a42cc50fed,19fcdf16-b61a-4ff0-bc54-1cd21b692ff7.jpg?t=1774394188763,incentive-images/19fcdf16-b61a-4ff0-bc54-1cd21b692ff7.jpg?t=1774394188763,https://dqjjxkmjutejpdajbouy.supabase.co/storage/v1/object/public/brand-assets/incentive-images/19fcdf16-b61a-4ff0-bc54-1cd21b692ff7.jpg?t=1774394188763,image/jpeg,0,,2026-03-24 23:36:51.474912+00,[],,2026-03-24 23:36:51.474912+00
7181bffc-b71f-4fc2-b146-54e373e025dc,a7e16b75-ce83-4bc8-928f-8a0b5a4314e7.jpg?t=1774393740803,incentive-images/a7e16b75-ce83-4bc8-928f-8a0b5a4314e7.jpg?t=1774393740803,https://dqjjxkmjutejpdajbouy.supabase.co/storage/v1/object/public/brand-assets/incentive-images/a7e16b75-ce83-4bc8-928f-8a0b5a4314e7.jpg?t=1774393740803,image/jpeg,0,,2026-03-24 23:36:51.474912+00,[],,2026-03-24 23:36:51.474912+00
73487b9e-93f6-48ce-b6f6-95430c94da52,6ef7b7d9-f8ba-46cc-aefa-e909935036c4.jpg?t=1774393547853,incentive-images/6ef7b7d9-f8ba-46cc-aefa-e909935036c4.jpg?t=1774393547853,https://dqjjxkmjutejpdajbouy.supabase.co/storage/v1/object/public/brand-assets/incentive-images/6ef7b7d9-f8ba-46cc-aefa-e909935036c4.jpg?t=1774393547853,image/jpeg,0,,2026-03-24 23:36:51.474912+00,[],,2026-03-24 23:36:51.474912+00
7391ff1f-3aa2-4dd3-96ac-1a8f8d00c184,ab5194b2-b5f1-4030-ab60-13036e89c12a.jpg?t=1774394752675,incentive-images/ab5194b2-b5f1-4030-ab60-13036e89c12a.jpg?t=1774394752675,https://dqjjxkmjutejpdajbouy.supabase.co/storage/v1/object/public/brand-assets/incentive-images/ab5194b2-b5f1-4030-ab60-13036e89c12a.jpg?t=1774394752675,image/jpeg,0,,2026-03-24 23:36:51.474912+00,[],,2026-03-24 23:36:51.474912+00
760911ad-d325-4b27-8fb9-d67be4fd4c40,37dba51c-4149-4c2e-99b6-b13d2dbbbde3.jpg?t=1774393089474,incentive-images/37dba51c-4149-4c2e-99b6-b13d2dbbbde3.jpg?t=1774393089474,https://dqjjxkmjutejpdajbouy.supabase.co/storage/v1/object/public/brand-assets/incentive-images/37dba51c-4149-4c2e-99b6-b13d2dbbbde3.jpg?t=1774393089474,image/jpeg,0,,2026-03-24 23:36:51.474912+00,[],,2026-03-24 23:36:51.474912+00
76c7b842-d15c-4950-b583-f8424d1fe8d9,47551c89-85d4-45b2-937c-38d0e06cf4a4.jpg?t=1774392497908,incentive-images/47551c89-85d4-45b2-937c-38d0e06cf4a4.jpg?t=1774392497908,https://dqjjxkmjutejpdajbouy.supabase.co/storage/v1/object/public/brand-assets/incentive-images/47551c89-85d4-45b2-937c-38d0e06cf4a4.jpg?t=1774392497908,image/jpeg,0,,2026-03-24 23:36:51.474912+00,[],,2026-03-24 23:36:51.474912+00
784e1276-a676-44f3-90f8-d9fc923055af,0b3057d5-0d60-491b-82a0-f18891ec74f7.jpg?t=1774392756675,incentive-images/0b3057d5-0d60-491b-82a0-f18891ec74f7.jpg?t=1774392756675,https://dqjjxkmjutejpdajbouy.supabase.co/storage/v1/object/public/brand-assets/incentive-images/0b3057d5-0d60-491b-82a0-f18891ec74f7.jpg?t=1774392756675,image/jpeg,0,,2026-03-24 23:36:51.474912+00,[],,2026-03-24 23:36:51.474912+00
7cba671c-cc9b-4eef-897f-1d86a5010633,33843e66-fff1-4def-9384-56b27bb976cd.jpg?t=1774392465002,incentive-images/33843e66-fff1-4def-9384-56b27bb976cd.jpg?t=1774392465002,https://dqjjxkmjutejpdajbouy.supabase.co/storage/v1/object/public/brand-assets/incentive-images/33843e66-fff1-4def-9384-56b27bb976cd.jpg?t=1774392465002,image/jpeg,0,,2026-03-24 23:36:51.474912+00,[],,2026-03-24 23:36:51.474912+00
7d665426-6547-4586-866f-032071234d04,01ffb2ec-463c-4b80-8896-733ab7f75bb8.jpg?t=1774393973105,incentive-images/01ffb2ec-463c-4b80-8896-733ab7f75bb8.jpg?t=1774393973105,https://dqjjxkmjutejpdajbouy.supabase.co/storage/v1/object/public/brand-assets/incentive-images/01ffb2ec-463c-4b80-8896-733ab7f75bb8.jpg?t=1774393973105,image/jpeg,0,,2026-03-24 23:36:51.474912+00,[],,2026-03-24 23:36:51.474912+00
7d8cb9d2-388f-486b-ad14-ada9118e4e9e,08516353-842a-41c0-9de5-5b051f839851.jpg?t=1774392948378,incentive-images/08516353-842a-41c0-9de5-5b051f839851.jpg?t=1774392948378,https://dqjjxkmjutejpdajbouy.supabase.co/storage/v1/object/public/brand-assets/incentive-images/08516353-842a-41c0-9de5-5b051f839851.jpg?t=1774392948378,image/jpeg,0,,2026-03-24 23:36:51.474912+00,[],,2026-03-24 23:36:51.474912+00
7e1e830b-8779-47d9-9798-6e598129321b,18c79d68-8522-417e-bef7-1e7f459e8c2e.jpg?t=1774393210366,incentive-images/18c79d68-8522-417e-bef7-1e7f459e8c2e.jpg?t=1774393210366,https://dqjjxkmjutejpdajbouy.supabase.co/storage/v1/object/public/brand-assets/incentive-images/18c79d68-8522-417e-bef7-1e7f459e8c2e.jpg?t=1774393210366,image/jpeg,0,,2026-03-24 23:36:51.474912+00,[],,2026-03-24 23:36:51.474912+00
804a6a8a-75f1-4ae4-9d25-08fc9de6dd4a,3e38acd3-fce7-4f0f-8242-9ad2d71cfb69.jpg?t=1774392743842,incentive-images/3e38acd3-fce7-4f0f-8242-9ad2d71cfb69.jpg?t=1774392743842,https://dqjjxkmjutejpdajbouy.supabase.co/storage/v1/object/public/brand-assets/incentive-images/3e38acd3-fce7-4f0f-8242-9ad2d71cfb69.jpg?t=1774392743842,image/jpeg,0,,2026-03-24 23:36:51.474912+00,[],,2026-03-24 23:36:51.474912+00
8087c37c-0d28-43d9-ba39-96be108b31dc,a8e4f4e1-5646-42b2-916a-cfb0e8d062d8.jpg?t=1774393525441,incentive-images/a8e4f4e1-5646-42b2-916a-cfb0e8d062d8.jpg?t=1774393525441,https://dqjjxkmjutejpdajbouy.supabase.co/storage/v1/object/public/brand-assets/incentive-images/a8e4f4e1-5646-42b2-916a-cfb0e8d062d8.jpg?t=1774393525441,image/jpeg,0,,2026-03-24 23:36:51.474912+00,[],,2026-03-24 23:36:51.474912+00
80d6f0ae-315c-43f5-b4d0-a13d4636ff39,155d58df-e971-49d0-bb0c-bcb63284d247.jpg?t=1774394614622,incentive-images/155d58df-e971-49d0-bb0c-bcb63284d247.jpg?t=1774394614622,https://dqjjxkmjutejpdajbouy.supabase.co/storage/v1/object/public/brand-assets/incentive-images/155d58df-e971-49d0-bb0c-bcb63284d247.jpg?t=1774394614622,image/jpeg,0,,2026-03-24 23:36:51.474912+00,[],,2026-03-24 23:36:51.474912+00
813a8f05-c392-4924-a5b3-770157a89dac,28e448b5-9cec-4449-b9e6-9bdacdebeac6.jpg?t=1774393136041,incentive-images/28e448b5-9cec-4449-b9e6-9bdacdebeac6.jpg?t=1774393136041,https://dqjjxkmjutejpdajbouy.supabase.co/storage/v1/object/public/brand-assets/incentive-images/28e448b5-9cec-4449-b9e6-9bdacdebeac6.jpg?t=1774393136041,image/jpeg,0,,2026-03-24 23:36:51.474912+00,[],,2026-03-24 23:36:51.474912+00
821a93d6-3d2a-4ecd-aed3-79ba4387ed00,abaec565-3fd6-42ac-921c-0eadbdcf61a7.jpg?t=1774393459640,incentive-images/abaec565-3fd6-42ac-921c-0eadbdcf61a7.jpg?t=1774393459640,https://dqjjxkmjutejpdajbouy.supabase.co/storage/v1/object/public/brand-assets/incentive-images/abaec565-3fd6-42ac-921c-0eadbdcf61a7.jpg?t=1774393459640,image/jpeg,0,,2026-03-24 23:36:51.474912+00,[],,2026-03-24 23:36:51.474912+00
84f9034f-6568-496a-877f-65c5b038ff3e,c5d6a8fb-126f-4d9c-94c2-c5ad642321d9.jpg?t=1774394045789,incentive-images/c5d6a8fb-126f-4d9c-94c2-c5ad642321d9.jpg?t=1774394045789,https://dqjjxkmjutejpdajbouy.supabase.co/storage/v1/object/public/brand-assets/incentive-images/c5d6a8fb-126f-4d9c-94c2-c5ad642321d9.jpg?t=1774394045789,image/jpeg,0,,2026-03-24 23:36:51.474912+00,[],,2026-03-24 23:36:51.474912+00
865b34e3-3da1-4f62-82a1-c11f798088a6,2a6b7ce9-d085-4a26-8aa8-4fcb5f17f1bf.jpg?t=1774392865871,incentive-images/2a6b7ce9-d085-4a26-8aa8-4fcb5f17f1bf.jpg?t=1774392865871,https://dqjjxkmjutejpdajbouy.supabase.co/storage/v1/object/public/brand-assets/incentive-images/2a6b7ce9-d085-4a26-8aa8-4fcb5f17f1bf.jpg?t=1774392865871,image/jpeg,0,,2026-03-24 23:36:51.474912+00,[],,2026-03-24 23:36:51.474912+00
86aeb4c2-628b-4d17-b531-e23bf85a8c9d,ad882190-fa09-43be-b218-06f8a1935833.jpg?t=1774394471018,incentive-images/ad882190-fa09-43be-b218-06f8a1935833.jpg?t=1774394471018,https://dqjjxkmjutejpdajbouy.supabase.co/storage/v1/object/public/brand-assets/incentive-images/ad882190-fa09-43be-b218-06f8a1935833.jpg?t=1774394471018,image/jpeg,0,,2026-03-24 23:36:51.474912+00,[],,2026-03-24 23:36:51.474912+00
87c7d5dc-0bf6-4676-8479-57e09e742cf6,ac3bc19f-f9cf-4662-abc4-1e5d2abf8a2e.jpg?t=1774392512597,incentive-images/ac3bc19f-f9cf-4662-abc4-1e5d2abf8a2e.jpg?t=1774392512597,https://dqjjxkmjutejpdajbouy.supabase.co/storage/v1/object/public/brand-assets/incentive-images/ac3bc19f-f9cf-4662-abc4-1e5d2abf8a2e.jpg?t=1774392512597,image/jpeg,0,,2026-03-24 23:36:51.474912+00,[],,2026-03-24 23:36:51.474912+00
885719d7-63db-440a-ab26-df01d1feee37,5af42c4f-55cd-4d7f-9ce0-a8485c4c379a.jpg?t=1774393963162,incentive-images/5af42c4f-55cd-4d7f-9ce0-a8485c4c379a.jpg?t=1774393963162,https://dqjjxkmjutejpdajbouy.supabase.co/storage/v1/object/public/brand-assets/incentive-images/5af42c4f-55cd-4d7f-9ce0-a8485c4c379a.jpg?t=1774393963162,image/jpeg,0,,2026-03-24 23:36:51.474912+00,[],,2026-03-24 23:36:51.474912+00
89eda522-f726-46ff-b4d9-a2f8982b43cb,699a27ea-723d-4f3a-b45f-35357b46cd39.jpg?t=1774394736354,incentive-images/699a27ea-723d-4f3a-b45f-35357b46cd39.jpg?t=1774394736354,https://dqjjxkmjutejpdajbouy.supabase.co/storage/v1/object/public/brand-assets/incentive-images/699a27ea-723d-4f3a-b45f-35357b46cd39.jpg?t=1774394736354,image/jpeg,0,,2026-03-24 23:36:51.474912+00,[],,2026-03-24 23:36:51.474912+00
89f9f204-7696-478c-8f42-d41afffd546f,9a870fdb-165f-423e-ad23-eaedcf6449b6.jpg?t=1774392903892,incentive-images/9a870fdb-165f-423e-ad23-eaedcf6449b6.jpg?t=1774392903892,https://dqjjxkmjutejpdajbouy.supabase.co/storage/v1/object/public/brand-assets/incentive-images/9a870fdb-165f-423e-ad23-eaedcf6449b6.jpg?t=1774392903892,image/jpeg,0,,2026-03-24 23:36:51.474912+00,[],,2026-03-24 23:36:51.474912+00
8b85cdae-091b-4393-ab1c-aa9002cf4da6,eadbbf49-5e90-43e6-95a4-cd576dc23ae3.jpg?t=1774393699063,incentive-images/eadbbf49-5e90-43e6-95a4-cd576dc23ae3.jpg?t=1774393699063,https://dqjjxkmjutejpdajbouy.supabase.co/storage/v1/object/public/brand-assets/incentive-images/eadbbf49-5e90-43e6-95a4-cd576dc23ae3.jpg?t=1774393699063,image/jpeg,0,,2026-03-24 23:36:51.474912+00,[],,2026-03-24 23:36:51.474912+00
8d3500b7-0386-45b4-929e-e4eca3797476,0ff7c877-395d-452f-ab40-2335199a0a05.jpg?t=1774394174898,incentive-images/0ff7c877-395d-452f-ab40-2335199a0a05.jpg?t=1774394174898,https://dqjjxkmjutejpdajbouy.supabase.co/storage/v1/object/public/brand-assets/incentive-images/0ff7c877-395d-452f-ab40-2335199a0a05.jpg?t=1774394174898,image/jpeg,0,,2026-03-24 23:36:51.474912+00,[],,2026-03-24 23:36:51.474912+00
8e77702a-b318-4b8f-9f6d-477d905ca68b,8710f27f-4041-412c-9638-71df5dc10b24.jpg?t=1774393796907,incentive-images/8710f27f-4041-412c-9638-71df5dc10b24.jpg?t=1774393796907,https://dqjjxkmjutejpdajbouy.supabase.co/storage/v1/object/public/brand-assets/incentive-images/8710f27f-4041-412c-9638-71df5dc10b24.jpg?t=1774393796907,image/jpeg,0,,2026-03-24 23:36:51.474912+00,[],,2026-03-24 23:36:51.474912+00
8f7849bd-f364-4aea-9d31-25f57b19da8e,Air Source Heat Pump.webp,a69ccad4-693f-4a62-8158-67b59d2c9d29/1774396208349.webp,https://dqjjxkmjutejpdajbouy.supabase.co/storage/v1/object/public/program-images/a69ccad4-693f-4a62-8158-67b59d2c9d29/1774396208349.webp,image/webp,46184,,2026-03-24 23:50:08.858959+00,[],,2026-03-24 23:50:08.858959+00
9170a21c-6010-41e0-856a-bbf1141bbd42,heat-pump-water-heater-2048px-9467.webp,6ab1d395-0e75-4a24-9585-8d786f17016a/1774564787340.webp,https://dqjjxkmjutejpdajbouy.supabase.co/storage/v1/object/public/program-images/6ab1d395-0e75-4a24-9585-8d786f17016a/1774564787340.webp,image/webp,107964,,2026-03-26 22:39:47.870895+00,[],,2026-03-26 22:39:47.870895+00
919d7522-e2eb-4501-82d2-cc1948ef99c7,8e0c578e-015d-4a39-9ca6-2532ff8a87e2.jpg?t=1774393498335,incentive-images/8e0c578e-015d-4a39-9ca6-2532ff8a87e2.jpg?t=1774393498335,https://dqjjxkmjutejpdajbouy.supabase.co/storage/v1/object/public/brand-assets/incentive-images/8e0c578e-015d-4a39-9ca6-2532ff8a87e2.jpg?t=1774393498335,image/jpeg,0,,2026-03-24 23:36:51.474912+00,[],,2026-03-24 23:36:51.474912+00
925f8f4d-2dd7-4a2c-a6a3-3a943b7fab3e,8d8ce9dc-b2ea-4213-9945-63dc5535681c.jpg?t=1774392704267,incentive-images/8d8ce9dc-b2ea-4213-9945-63dc5535681c.jpg?t=1774392704267,https://dqjjxkmjutejpdajbouy.supabase.co/storage/v1/object/public/brand-assets/incentive-images/8d8ce9dc-b2ea-4213-9945-63dc5535681c.jpg?t=1774392704267,image/jpeg,0,,2026-03-24 23:36:51.474912+00,[],,2026-03-24 23:36:51.474912+00
93b35511-4017-4ec2-9e48-42404dab375e,5848ff8a-fe09-44a5-b596-0515e0fd765a.jpg?t=1774393635647,incentive-images/5848ff8a-fe09-44a5-b596-0515e0fd765a.jpg?t=1774393635647,https://dqjjxkmjutejpdajbouy.supabase.co/storage/v1/object/public/brand-assets/incentive-images/5848ff8a-fe09-44a5-b596-0515e0fd765a.jpg?t=1774393635647,image/jpeg,0,,2026-03-24 23:36:51.474912+00,[],,2026-03-24 23:36:51.474912+00
95b1306a-31d3-46a5-aede-a8187f05e246,aea7b226-792b-4756-85bb-220dfca24431.jpg?t=1774394577546,incentive-images/aea7b226-792b-4756-85bb-220dfca24431.jpg?t=1774394577546,https://dqjjxkmjutejpdajbouy.supabase.co/storage/v1/object/public/brand-assets/incentive-images/aea7b226-792b-4756-85bb-220dfca24431.jpg?t=1774394577546,image/jpeg,0,,2026-03-24 23:36:51.474912+00,[],,2026-03-24 23:36:51.474912+00
95c15a09-816d-4624-8af8-14e3cc4e360e,a390835c-bc62-4833-9130-656b7694b63d.jpg?t=1774393511571,incentive-images/a390835c-bc62-4833-9130-656b7694b63d.jpg?t=1774393511571,https://dqjjxkmjutejpdajbouy.supabase.co/storage/v1/object/public/brand-assets/incentive-images/a390835c-bc62-4833-9130-656b7694b63d.jpg?t=1774393511571,image/jpeg,0,,2026-03-24 23:36:51.474912+00,[],,2026-03-24 23:36:51.474912+00
9681da7d-d94e-4e7b-aacb-afcc299f1687,d40889f0-911c-4b8c-bf39-518f582b9612.jpg?t=1774394066137,incentive-images/d40889f0-911c-4b8c-bf39-518f582b9612.jpg?t=1774394066137,https://dqjjxkmjutejpdajbouy.supabase.co/storage/v1/object/public/brand-assets/incentive-images/d40889f0-911c-4b8c-bf39-518f582b9612.jpg?t=1774394066137,image/jpeg,0,,2026-03-24 23:36:51.474912+00,[],,2026-03-24 23:36:51.474912+00
97c153f7-4768-4214-81ac-8f6038bc65ca,c2532622-006a-4a73-8b37-50cf14e0fbd2.jpg?t=1774392359872,incentive-images/c2532622-006a-4a73-8b37-50cf14e0fbd2.jpg?t=1774392359872,https://dqjjxkmjutejpdajbouy.supabase.co/storage/v1/object/public/brand-assets/incentive-images/c2532622-006a-4a73-8b37-50cf14e0fbd2.jpg?t=1774392359872,image/jpeg,0,,2026-03-24 23:36:51.474912+00,[],,2026-03-24 23:36:51.474912+00
98667032-cf66-4260-a8e2-daa9f4250859,495a47d2-a5bc-440c-b9b8-88d127ba4c14.jpg?t=1774394623562,incentive-images/495a47d2-a5bc-440c-b9b8-88d127ba4c14.jpg?t=1774394623562,https://dqjjxkmjutejpdajbouy.supabase.co/storage/v1/object/public/brand-assets/incentive-images/495a47d2-a5bc-440c-b9b8-88d127ba4c14.jpg?t=1774394623562,image/jpeg,0,,2026-03-24 23:36:51.474912+00,[],,2026-03-24 23:36:51.474912+00
9913b172-5a92-4738-a408-b11329eec2f4,9c716fe0-a6e6-45a3-aa27-7edca751773d.jpg?t=1774394435091,incentive-images/9c716fe0-a6e6-45a3-aa27-7edca751773d.jpg?t=1774394435091,https://dqjjxkmjutejpdajbouy.supabase.co/storage/v1/object/public/brand-assets/incentive-images/9c716fe0-a6e6-45a3-aa27-7edca751773d.jpg?t=1774394435091,image/jpeg,0,,2026-03-24 23:36:51.474912+00,[],,2026-03-24 23:36:51.474912+00
9b562b0d-78d0-45aa-8715-a15aa5d5e58b,c75005b1-7403-4366-a408-4cac0d7ec023.jpg?t=1774393760158,incentive-images/c75005b1-7403-4366-a408-4cac0d7ec023.jpg?t=1774393760158,https://dqjjxkmjutejpdajbouy.supabase.co/storage/v1/object/public/brand-assets/incentive-images/c75005b1-7403-4366-a408-4cac0d7ec023.jpg?t=1774393760158,image/jpeg,0,,2026-03-24 23:36:51.474912+00,[],,2026-03-24 23:36:51.474912+00
9bcfc977-fe49-42d1-8c22-3ceb410184f2,c89c9fca-e048-4941-bca9-7f7fde8bae1c.jpg?t=1774393583017,incentive-images/c89c9fca-e048-4941-bca9-7f7fde8bae1c.jpg?t=1774393583017,https://dqjjxkmjutejpdajbouy.supabase.co/storage/v1/object/public/brand-assets/incentive-images/c89c9fca-e048-4941-bca9-7f7fde8bae1c.jpg?t=1774393583017,image/jpeg,0,,2026-03-24 23:36:51.474912+00,[],,2026-03-24 23:36:51.474912+00
9c67ae9d-198b-4a6c-bc95-f983ae6a63ee,51989868-43ba-423d-afd4-0b10dcf2220d.jpg?t=1774394700579,incentive-images/51989868-43ba-423d-afd4-0b10dcf2220d.jpg?t=1774394700579,https://dqjjxkmjutejpdajbouy.supabase.co/storage/v1/object/public/brand-assets/incentive-images/51989868-43ba-423d-afd4-0b10dcf2220d.jpg?t=1774394700579,image/jpeg,0,,2026-03-24 23:36:51.474912+00,[],,2026-03-24 23:36:51.474912+00
9c839550-f45c-4812-bef1-908de8a307b2,1499ee7a-c542-4bf7-aeb8-c5a5176a1cc3.jpg?t=1774394202556,incentive-images/1499ee7a-c542-4bf7-aeb8-c5a5176a1cc3.jpg?t=1774394202556,https://dqjjxkmjutejpdajbouy.supabase.co/storage/v1/object/public/brand-assets/incentive-images/1499ee7a-c542-4bf7-aeb8-c5a5176a1cc3.jpg?t=1774394202556,image/jpeg,0,,2026-03-24 23:36:51.474912+00,[],,2026-03-24 23:36:51.474912+00
9d124cc4-50bd-401b-be7b-89562538254c,a143495f-ce31-4aca-81fa-53a34a4e173b.jpg?t=1774393061846,incentive-images/a143495f-ce31-4aca-81fa-53a34a4e173b.jpg?t=1774393061846,https://dqjjxkmjutejpdajbouy.supabase.co/storage/v1/object/public/brand-assets/incentive-images/a143495f-ce31-4aca-81fa-53a34a4e173b.jpg?t=1774393061846,image/jpeg,0,,2026-03-24 23:36:51.474912+00,[],,2026-03-24 23:36:51.474912+00
9d7116c4-44ef-4b5f-9f49-2c057b9166bf,80cb06cf-aa9d-4c29-9805-19ed6f84ae55.jpg?t=1774392425116,incentive-images/80cb06cf-aa9d-4c29-9805-19ed6f84ae55.jpg?t=1774392425116,https://dqjjxkmjutejpdajbouy.supabase.co/storage/v1/object/public/brand-assets/incentive-images/80cb06cf-aa9d-4c29-9805-19ed6f84ae55.jpg?t=1774392425116,image/jpeg,0,,2026-03-24 23:36:51.474912+00,[],,2026-03-24 23:36:51.474912+00
9d87a5a5-72e4-486c-b6e8-99a2eecd1f19,dc238d6c-2d9f-4b62-a6d1-ee6c73f30980.jpg?t=1774393784949,incentive-images/dc238d6c-2d9f-4b62-a6d1-ee6c73f30980.jpg?t=1774393784949,https://dqjjxkmjutejpdajbouy.supabase.co/storage/v1/object/public/brand-assets/incentive-images/dc238d6c-2d9f-4b62-a6d1-ee6c73f30980.jpg?t=1774393784949,image/jpeg,0,,2026-03-24 23:36:51.474912+00,[],,2026-03-24 23:36:51.474912+00
a304e025-82ca-4641-9c21-cafd47bd103f,50f7cfcb-3cf2-460d-a341-c57de1c026fb.jpg?t=1774392474307,incentive-images/50f7cfcb-3cf2-460d-a341-c57de1c026fb.jpg?t=1774392474307,https://dqjjxkmjutejpdajbouy.supabase.co/storage/v1/object/public/brand-assets/incentive-images/50f7cfcb-3cf2-460d-a341-c57de1c026fb.jpg?t=1774392474307,image/jpeg,0,,2026-03-24 23:36:51.474912+00,[],,2026-03-24 23:36:51.474912+00
a4df1985-7011-4e4b-a35e-d3f47c982273,47983c68-e785-47dd-b94c-2811b7d73e78.jpg?t=1774393824308,incentive-images/47983c68-e785-47dd-b94c-2811b7d73e78.jpg?t=1774393824308,https://dqjjxkmjutejpdajbouy.supabase.co/storage/v1/object/public/brand-assets/incentive-images/47983c68-e785-47dd-b94c-2811b7d73e78.jpg?t=1774393824308,image/jpeg,0,,2026-03-24 23:36:51.474912+00,[],,2026-03-24 23:36:51.474912+00
a5f2b860-f32b-47c9-b5d6-436be951d513,013734c9-9a05-42c6-9e4a-9649c9480a32.jpg?t=1774393298548,incentive-images/013734c9-9a05-42c6-9e4a-9649c9480a32.jpg?t=1774393298548,https://dqjjxkmjutejpdajbouy.supabase.co/storage/v1/object/public/brand-assets/incentive-images/013734c9-9a05-42c6-9e4a-9649c9480a32.jpg?t=1774393298548,image/jpeg,0,,2026-03-24 23:36:51.474912+00,[],,2026-03-24 23:36:51.474912+00
a83987fa-8abd-4a05-8760-11777d7bb175,e337a889-63b9-45cf-bc6f-aeddefb0efbb.jpg?t=1774394137660,incentive-images/e337a889-63b9-45cf-bc6f-aeddefb0efbb.jpg?t=1774394137660,https://dqjjxkmjutejpdajbouy.supabase.co/storage/v1/object/public/brand-assets/incentive-images/e337a889-63b9-45cf-bc6f-aeddefb0efbb.jpg?t=1774394137660,image/jpeg,0,,2026-03-24 23:36:51.474912+00,[],,2026-03-24 23:36:51.474912+00
a8e21eac-acd5-4aea-8628-4328f785afad,00c31bf6-2b5f-4a65-9973-98aecd192b90.jpg?t=1774393985328,incentive-images/00c31bf6-2b5f-4a65-9973-98aecd192b90.jpg?t=1774393985328,https://dqjjxkmjutejpdajbouy.supabase.co/storage/v1/object/public/brand-assets/incentive-images/00c31bf6-2b5f-4a65-9973-98aecd192b90.jpg?t=1774393985328,image/jpeg,0,,2026-03-24 23:36:51.474912+00,[],,2026-03-24 23:36:51.474912+00
a9edafd8-4726-4fec-ac53-e47370f76914,b17ce93f-fa85-46da-b845-ea4bdaf3c9d0.jpg?t=1774392688162,incentive-images/b17ce93f-fa85-46da-b845-ea4bdaf3c9d0.jpg?t=1774392688162,https://dqjjxkmjutejpdajbouy.supabase.co/storage/v1/object/public/brand-assets/incentive-images/b17ce93f-fa85-46da-b845-ea4bdaf3c9d0.jpg?t=1774392688162,image/jpeg,0,,2026-03-24 23:36:51.474912+00,[],,2026-03-24 23:36:51.474912+00
aa192c13-684e-4401-bf22-e437cb62ba3f,cbcaa4d7-fa8c-48dd-b6b3-c15d08f1db43.jpg?t=1774393409955,incentive-images/cbcaa4d7-fa8c-48dd-b6b3-c15d08f1db43.jpg?t=1774393409955,https://dqjjxkmjutejpdajbouy.supabase.co/storage/v1/object/public/brand-assets/incentive-images/cbcaa4d7-fa8c-48dd-b6b3-c15d08f1db43.jpg?t=1774393409955,image/jpeg,0,,2026-03-24 23:36:51.474912+00,[],,2026-03-24 23:36:51.474912+00
ab93d3e3-4794-48a1-b481-7cbb319e14a5,d20d745c-acdf-4b75-b5cf-2b7583b83cde.jpg?t=1774392686782,incentive-images/d20d745c-acdf-4b75-b5cf-2b7583b83cde.jpg?t=1774392686782,https://dqjjxkmjutejpdajbouy.supabase.co/storage/v1/object/public/brand-assets/incentive-images/d20d745c-acdf-4b75-b5cf-2b7583b83cde.jpg?t=1774392686782,image/jpeg,0,,2026-03-24 23:36:51.474912+00,[],,2026-03-24 23:36:51.474912+00
ad0ec12b-385e-4fe3-838a-07c65cd4218e,a8db4889-4e2d-4d24-8959-0939286525f7.jpg?t=1774394421421,incentive-images/a8db4889-4e2d-4d24-8959-0939286525f7.jpg?t=1774394421421,https://dqjjxkmjutejpdajbouy.supabase.co/storage/v1/object/public/brand-assets/incentive-images/a8db4889-4e2d-4d24-8959-0939286525f7.jpg?t=1774394421421,image/jpeg,0,,2026-03-24 23:36:51.474912+00,[],,2026-03-24 23:36:51.474912+00
aed1e84c-a6e3-423a-a027-dbe07ca42e27,e358abb3-3921-4deb-95e0-8dc82c68aa72.jpg?t=1774393652254,incentive-images/e358abb3-3921-4deb-95e0-8dc82c68aa72.jpg?t=1774393652254,https://dqjjxkmjutejpdajbouy.supabase.co/storage/v1/object/public/brand-assets/incentive-images/e358abb3-3921-4deb-95e0-8dc82c68aa72.jpg?t=1774393652254,image/jpeg,0,,2026-03-24 23:36:51.474912+00,[],,2026-03-24 23:36:51.474912+00
aed26c31-2219-4119-90ad-c6ada45573d4,0c129f89-1254-4023-bcb5-7319217bb823.jpg?t=1774393429608,incentive-images/0c129f89-1254-4023-bcb5-7319217bb823.jpg?t=1774393429608,https://dqjjxkmjutejpdajbouy.supabase.co/storage/v1/object/public/brand-assets/incentive-images/0c129f89-1254-4023-bcb5-7319217bb823.jpg?t=1774393429608,image/jpeg,0,,2026-03-24 23:36:51.474912+00,[],,2026-03-24 23:36:51.474912+00
b05e818c-0247-4037-84b7-972104c45e09,15cf549e-c0bb-4dbc-bbbc-e6cee6542bf5.jpg?t=1774392311402,incentive-images/15cf549e-c0bb-4dbc-bbbc-e6cee6542bf5.jpg?t=1774392311402,https://dqjjxkmjutejpdajbouy.supabase.co/storage/v1/object/public/brand-assets/incentive-images/15cf549e-c0bb-4dbc-bbbc-e6cee6542bf5.jpg?t=1774392311402,image/jpeg,0,,2026-03-24 23:36:51.474912+00,[],,2026-03-24 23:36:51.474912+00
b0bd6924-bd2b-4ff1-bce0-098c1fb5ff0e,69f32d14-f1f7-425c-979e-8f20ab791932.jpg?t=1774394262321,incentive-images/69f32d14-f1f7-425c-979e-8f20ab791932.jpg?t=1774394262321,https://dqjjxkmjutejpdajbouy.supabase.co/storage/v1/object/public/brand-assets/incentive-images/69f32d14-f1f7-425c-979e-8f20ab791932.jpg?t=1774394262321,image/jpeg,0,,2026-03-24 23:36:51.474912+00,[],,2026-03-24 23:36:51.474912+00
b1137cdc-6ae3-41d8-8824-94cf775e4622,c1d9e395-4bca-4e55-92f7-e11747d1f5f6.jpg?t=1774394351103,incentive-images/c1d9e395-4bca-4e55-92f7-e11747d1f5f6.jpg?t=1774394351103,https://dqjjxkmjutejpdajbouy.supabase.co/storage/v1/object/public/brand-assets/incentive-images/c1d9e395-4bca-4e55-92f7-e11747d1f5f6.jpg?t=1774394351103,image/jpeg,0,,2026-03-24 23:36:51.474912+00,[],,2026-03-24 23:36:51.474912+00
b21cbf6c-fbfb-4699-b18c-fb4929867eae,a69ccad4-693f-4a62-8158-67b59d2c9d29.jpg?t=1774393662405,incentive-images/a69ccad4-693f-4a62-8158-67b59d2c9d29.jpg?t=1774393662405,https://dqjjxkmjutejpdajbouy.supabase.co/storage/v1/object/public/brand-assets/incentive-images/a69ccad4-693f-4a62-8158-67b59d2c9d29.jpg?t=1774393662405,image/jpeg,0,,2026-03-24 23:36:51.474912+00,[],,2026-03-24 23:36:51.474912+00
b2350341-d06b-4237-a183-89363b9af9f5,cd2efcf2-95d4-4dd6-ac6a-59f7775e74c0.jpg?t=1774393773315,incentive-images/cd2efcf2-95d4-4dd6-ac6a-59f7775e74c0.jpg?t=1774393773315,https://dqjjxkmjutejpdajbouy.supabase.co/storage/v1/object/public/brand-assets/incentive-images/cd2efcf2-95d4-4dd6-ac6a-59f7775e74c0.jpg?t=1774393773315,image/jpeg,0,,2026-03-24 23:36:51.474912+00,[],,2026-03-24 23:36:51.474912+00
b24f4ba4-8bb4-4cb6-977c-0136f5f21d85,3695eae1-07a9-4b80-b493-67504d655a92.jpg?t=1774392719387,incentive-images/3695eae1-07a9-4b80-b493-67504d655a92.jpg?t=1774392719387,https://dqjjxkmjutejpdajbouy.supabase.co/storage/v1/object/public/brand-assets/incentive-images/3695eae1-07a9-4b80-b493-67504d655a92.jpg?t=1774392719387,image/jpeg,0,,2026-03-24 23:36:51.474912+00,[],,2026-03-24 23:36:51.474912+00
b2622e23-008e-482d-a194-4dee9b28bf2d,21847b16-fc93-4d47-bebe-449a71d7358f.jpg?t=1774392934914,incentive-images/21847b16-fc93-4d47-bebe-449a71d7358f.jpg?t=1774392934914,https://dqjjxkmjutejpdajbouy.supabase.co/storage/v1/object/public/brand-assets/incentive-images/21847b16-fc93-4d47-bebe-449a71d7358f.jpg?t=1774392934914,image/jpeg,0,,2026-03-24 23:36:51.474912+00,[],,2026-03-24 23:36:51.474912+00
b47cf028-473c-4567-80f6-16d899816bb2,HPWH-scaled-e1696619640438.jpg,6ab1d395-0e75-4a24-9585-8d786f17016a/1774564421698.jpg,https://dqjjxkmjutejpdajbouy.supabase.co/storage/v1/object/public/program-images/6ab1d395-0e75-4a24-9585-8d786f17016a/1774564421698.jpg,image/jpeg,230643,,2026-03-26 22:33:42.27327+00,[],,2026-03-26 22:33:42.27327+00
b5f09522-0ca8-4a98-b4d6-d7ab7b85af09,HWHP_Diagram_detail_2024-09-09-English-1.webp,6ab1d395-0e75-4a24-9585-8d786f17016a/1774564377061.webp,https://dqjjxkmjutejpdajbouy.supabase.co/storage/v1/object/public/program-images/6ab1d395-0e75-4a24-9585-8d786f17016a/1774564377061.webp,image/webp,105132,,2026-03-26 22:32:57.866712+00,[],,2026-03-26 22:32:57.866712+00
b7774e24-42c7-4cff-ac33-956706426d47,f03aa403-c518-4dbd-bacb-42e2ae025cd2.jpg?t=1774392932421,incentive-images/f03aa403-c518-4dbd-bacb-42e2ae025cd2.jpg?t=1774392932421,https://dqjjxkmjutejpdajbouy.supabase.co/storage/v1/object/public/brand-assets/incentive-images/f03aa403-c518-4dbd-bacb-42e2ae025cd2.jpg?t=1774392932421,image/jpeg,0,,2026-03-24 23:36:51.474912+00,[],,2026-03-24 23:36:51.474912+00
b8ee715d-2e49-406e-87d9-33bded920b42,f5ab6a3c-85a8-4df7-a02b-4dcf004d31ad.jpg?t=1774394590870,incentive-images/f5ab6a3c-85a8-4df7-a02b-4dcf004d31ad.jpg?t=1774394590870,https://dqjjxkmjutejpdajbouy.supabase.co/storage/v1/object/public/brand-assets/incentive-images/f5ab6a3c-85a8-4df7-a02b-4dcf004d31ad.jpg?t=1774394590870,image/jpeg,0,,2026-03-24 23:36:51.474912+00,[],,2026-03-24 23:36:51.474912+00
b9306474-63c6-46ed-a184-042155c5cf25,0966f508-d625-4982-a64d-8f7472d16b1d.jpg?t=1774392879841,incentive-images/0966f508-d625-4982-a64d-8f7472d16b1d.jpg?t=1774392879841,https://dqjjxkmjutejpdajbouy.supabase.co/storage/v1/object/public/brand-assets/incentive-images/0966f508-d625-4982-a64d-8f7472d16b1d.jpg?t=1774392879841,image/jpeg,0,,2026-03-24 23:36:51.474912+00,[],,2026-03-24 23:36:51.474912+00
b9be3c88-9f67-4683-9fe2-2e325df79840,9ebd4ebe-d635-42c5-9e2d-3f84d5b14d7e.jpg?t=1774392344739,incentive-images/9ebd4ebe-d635-42c5-9e2d-3f84d5b14d7e.jpg?t=1774392344739,https://dqjjxkmjutejpdajbouy.supabase.co/storage/v1/object/public/brand-assets/incentive-images/9ebd4ebe-d635-42c5-9e2d-3f84d5b14d7e.jpg?t=1774392344739,image/jpeg,0,,2026-03-24 23:36:51.474912+00,[],,2026-03-24 23:36:51.474912+00
ba86e455-6c17-4e81-a415-d678a700ea0d,bef0a006-6a2f-4d91-9be8-e5609d28fdbd.jpg?t=1774393897552,incentive-images/bef0a006-6a2f-4d91-9be8-e5609d28fdbd.jpg?t=1774393897552,https://dqjjxkmjutejpdajbouy.supabase.co/storage/v1/object/public/brand-assets/incentive-images/bef0a006-6a2f-4d91-9be8-e5609d28fdbd.jpg?t=1774393897552,image/jpeg,0,,2026-03-24 23:36:51.474912+00,[],,2026-03-24 23:36:51.474912+00
bad5025d-1893-4406-b0ea-adf5467db386,1e30c5c5-0849-49bc-9b23-3a4b868bd7e8.jpg?t=1774393633938,incentive-images/1e30c5c5-0849-49bc-9b23-3a4b868bd7e8.jpg?t=1774393633938,https://dqjjxkmjutejpdajbouy.supabase.co/storage/v1/object/public/brand-assets/incentive-images/1e30c5c5-0849-49bc-9b23-3a4b868bd7e8.jpg?t=1774393633938,image/jpeg,0,,2026-03-24 23:36:51.474912+00,[],,2026-03-24 23:36:51.474912+00
be55d43c-1d23-4baa-91ae-ee4aaa8542df,43cd2f89-1ec6-44df-b8bf-06ba685e6613.jpg?t=1774394276700,incentive-images/43cd2f89-1ec6-44df-b8bf-06ba685e6613.jpg?t=1774394276700,https://dqjjxkmjutejpdajbouy.supabase.co/storage/v1/object/public/brand-assets/incentive-images/43cd2f89-1ec6-44df-b8bf-06ba685e6613.jpg?t=1774394276700,image/jpeg,0,,2026-03-24 23:36:51.474912+00,[],,2026-03-24 23:36:51.474912+00
be5c1c24-f78a-45d8-a141-fa8965806c4f,ba8f84d3-2d77-470d-ae96-8c007b29d0a6.jpg?t=1774394165291,incentive-images/ba8f84d3-2d77-470d-ae96-8c007b29d0a6.jpg?t=1774394165291,https://dqjjxkmjutejpdajbouy.supabase.co/storage/v1/object/public/brand-assets/incentive-images/ba8f84d3-2d77-470d-ae96-8c007b29d0a6.jpg?t=1774394165291,image/jpeg,0,,2026-03-24 23:36:51.474912+00,[],,2026-03-24 23:36:51.474912+00
c2543839-2d91-4688-8077-87380c831ef2,91711c91-2fb5-4b68-917d-8ec59feaa446.jpg?t=1774394685099,incentive-images/91711c91-2fb5-4b68-917d-8ec59feaa446.jpg?t=1774394685099,https://dqjjxkmjutejpdajbouy.supabase.co/storage/v1/object/public/brand-assets/incentive-images/91711c91-2fb5-4b68-917d-8ec59feaa446.jpg?t=1774394685099,image/jpeg,0,,2026-03-24 23:36:51.474912+00,[],,2026-03-24 23:36:51.474912+00
c2c1cc57-0601-4224-9177-6b1f1f9b6476,722d80b7-feee-4dfa-84c5-02dce7e331f6.jpg?t=1774393249536,incentive-images/722d80b7-feee-4dfa-84c5-02dce7e331f6.jpg?t=1774393249536,https://dqjjxkmjutejpdajbouy.supabase.co/storage/v1/object/public/brand-assets/incentive-images/722d80b7-feee-4dfa-84c5-02dce7e331f6.jpg?t=1774393249536,image/jpeg,0,,2026-03-24 23:36:51.474912+00,[],,2026-03-24 23:36:51.474912+00
c3757d1b-d5eb-4115-a744-c5e6b2d15c7c,0efb4cda-194f-4a4f-8f5e-6f7904060240.jpg?t=1774394392810,incentive-images/0efb4cda-194f-4a4f-8f5e-6f7904060240.jpg?t=1774394392810,https://dqjjxkmjutejpdajbouy.supabase.co/storage/v1/object/public/brand-assets/incentive-images/0efb4cda-194f-4a4f-8f5e-6f7904060240.jpg?t=1774394392810,image/jpeg,0,,2026-03-24 23:36:51.474912+00,[],,2026-03-24 23:36:51.474912+00
c3f57230-7102-47e6-b732-955359e37c53,c8d538ee-eb91-4fab-ad30-a608800890e1.jpg?t=1774392603678,incentive-images/c8d538ee-eb91-4fab-ad30-a608800890e1.jpg?t=1774392603678,https://dqjjxkmjutejpdajbouy.supabase.co/storage/v1/object/public/brand-assets/incentive-images/c8d538ee-eb91-4fab-ad30-a608800890e1.jpg?t=1774392603678,image/jpeg,0,,2026-03-24 23:36:51.474912+00,[],,2026-03-24 23:36:51.474912+00
cdad15c3-ae49-486f-a93a-4c82d884b482,1ad377bd-9fb8-41e4-8805-7761ff60fbee.jpg?t=1774393002067,incentive-images/1ad377bd-9fb8-41e4-8805-7761ff60fbee.jpg?t=1774393002067,https://dqjjxkmjutejpdajbouy.supabase.co/storage/v1/object/public/brand-assets/incentive-images/1ad377bd-9fb8-41e4-8805-7761ff60fbee.jpg?t=1774393002067,image/jpeg,0,,2026-03-24 23:36:51.474912+00,[],,2026-03-24 23:36:51.474912+00
ce3ab8de-cef2-48e1-aa2a-5b519239397b,980e24a1-2bfe-48ed-85c1-d77edbab1835.jpg?t=1774393675957,incentive-images/980e24a1-2bfe-48ed-85c1-d77edbab1835.jpg?t=1774393675957,https://dqjjxkmjutejpdajbouy.supabase.co/storage/v1/object/public/brand-assets/incentive-images/980e24a1-2bfe-48ed-85c1-d77edbab1835.jpg?t=1774393675957,image/jpeg,0,,2026-03-24 23:36:51.474912+00,[],,2026-03-24 23:36:51.474912+00
d564ab15-1af2-410d-b5d9-6cfce8137aba,e703a9f3-e658-428c-b75c-71ba8f5b416c.jpg?t=1774392784017,incentive-images/e703a9f3-e658-428c-b75c-71ba8f5b416c.jpg?t=1774392784017,https://dqjjxkmjutejpdajbouy.supabase.co/storage/v1/object/public/brand-assets/incentive-images/e703a9f3-e658-428c-b75c-71ba8f5b416c.jpg?t=1774392784017,image/jpeg,0,,2026-03-24 23:36:51.474912+00,[],,2026-03-24 23:36:51.474912+00
d6a43e65-f9c2-4301-ab0c-3267576fb765,b39da42c-35c6-4901-b680-d00161db9939.jpg?t=1774393625836,incentive-images/b39da42c-35c6-4901-b680-d00161db9939.jpg?t=1774393625836,https://dqjjxkmjutejpdajbouy.supabase.co/storage/v1/object/public/brand-assets/incentive-images/b39da42c-35c6-4901-b680-d00161db9939.jpg?t=1774393625836,image/jpeg,0,,2026-03-24 23:36:51.474912+00,[],,2026-03-24 23:36:51.474912+00
d6fb0d2b-13f2-4141-99eb-160290a38c51,c41964ea-ab4f-4349-8d0c-75dd9139f074.jpg?t=1774393322092,incentive-images/c41964ea-ab4f-4349-8d0c-75dd9139f074.jpg?t=1774393322092,https://dqjjxkmjutejpdajbouy.supabase.co/storage/v1/object/public/brand-assets/incentive-images/c41964ea-ab4f-4349-8d0c-75dd9139f074.jpg?t=1774393322092,image/jpeg,0,,2026-03-24 23:36:51.474912+00,[],,2026-03-24 23:36:51.474912+00
d96beaa3-28e5-4dfc-ae22-a07502176510,867db3a7-f77d-48da-b2f2-1c13d84a2b63.jpg?t=1774394018943,incentive-images/867db3a7-f77d-48da-b2f2-1c13d84a2b63.jpg?t=1774394018943,https://dqjjxkmjutejpdajbouy.supabase.co/storage/v1/object/public/brand-assets/incentive-images/867db3a7-f77d-48da-b2f2-1c13d84a2b63.jpg?t=1774394018943,image/jpeg,0,,2026-03-24 23:36:51.474912+00,[],,2026-03-24 23:36:51.474912+00
da8296a6-ca19-4551-b5b2-2b703aba9130,83b855dd-a11d-451a-b120-928e816654f5.jpg?t=1774392890571,incentive-images/83b855dd-a11d-451a-b120-928e816654f5.jpg?t=1774392890571,https://dqjjxkmjutejpdajbouy.supabase.co/storage/v1/object/public/brand-assets/incentive-images/83b855dd-a11d-451a-b120-928e816654f5.jpg?t=1774392890571,image/jpeg,0,,2026-03-24 23:36:51.474912+00,[],,2026-03-24 23:36:51.474912+00
dad7fdd8-59a9-497a-b05c-cfd292d3d023,93456053-81af-4b1c-bd4e-c3094a47bb90.jpg?t=1774394233482,incentive-images/93456053-81af-4b1c-bd4e-c3094a47bb90.jpg?t=1774394233482,https://dqjjxkmjutejpdajbouy.supabase.co/storage/v1/object/public/brand-assets/incentive-images/93456053-81af-4b1c-bd4e-c3094a47bb90.jpg?t=1774394233482,image/jpeg,0,,2026-03-24 23:36:51.474912+00,[],,2026-03-24 23:36:51.474912+00
db474c27-eb6d-4636-a56f-dd098d099699,29ab5b17-bb76-4c11-aee1-472b90ed8137.jpg?t=1774393835343,incentive-images/29ab5b17-bb76-4c11-aee1-472b90ed8137.jpg?t=1774393835343,https://dqjjxkmjutejpdajbouy.supabase.co/storage/v1/object/public/brand-assets/incentive-images/29ab5b17-bb76-4c11-aee1-472b90ed8137.jpg?t=1774393835343,image/jpeg,0,,2026-03-24 23:36:51.474912+00,[],,2026-03-24 23:36:51.474912+00
ddb9fc92-d2d1-4b76-9676-b74afbfe6dfb,d58b8fb1-b816-4ecb-8ca6-174e586fd207.jpg?t=1774392581905,incentive-images/d58b8fb1-b816-4ecb-8ca6-174e586fd207.jpg?t=1774392581905,https://dqjjxkmjutejpdajbouy.supabase.co/storage/v1/object/public/brand-assets/incentive-images/d58b8fb1-b816-4ecb-8ca6-174e586fd207.jpg?t=1774392581905,image/jpeg,0,,2026-03-24 23:36:51.474912+00,[],,2026-03-24 23:36:51.474912+00
de4b1361-f5ae-432f-87d5-e9721db1782a,bffc177b-d188-4476-93c0-85696ff211e1.jpg?t=1774392962781,incentive-images/bffc177b-d188-4476-93c0-85696ff211e1.jpg?t=1774392962781,https://dqjjxkmjutejpdajbouy.supabase.co/storage/v1/object/public/brand-assets/incentive-images/bffc177b-d188-4476-93c0-85696ff211e1.jpg?t=1774392962781,image/jpeg,0,,2026-03-24 23:36:51.474912+00,[],,2026-03-24 23:36:51.474912+00
de655d51-15a7-44e5-b723-4e931c2654e5,9a085c29-ceed-4ec8-85c4-ef17616c21e8.jpg?t=1774393048583,incentive-images/9a085c29-ceed-4ec8-85c4-ef17616c21e8.jpg?t=1774393048583,https://dqjjxkmjutejpdajbouy.supabase.co/storage/v1/object/public/brand-assets/incentive-images/9a085c29-ceed-4ec8-85c4-ef17616c21e8.jpg?t=1774393048583,image/jpeg,0,,2026-03-24 23:36:51.474912+00,[],,2026-03-24 23:36:51.474912+00
dff8a8a9-80c3-4192-a100-fc24abe06250,a77373ac-31fb-4516-91b3-84023c2a70b9.jpg?t=1774393025890,incentive-images/a77373ac-31fb-4516-91b3-84023c2a70b9.jpg?t=1774393025890,https://dqjjxkmjutejpdajbouy.supabase.co/storage/v1/object/public/brand-assets/incentive-images/a77373ac-31fb-4516-91b3-84023c2a70b9.jpg?t=1774393025890,image/jpeg,0,,2026-03-24 23:36:51.474912+00,[],,2026-03-24 23:36:51.474912+00
e0fbf32f-c953-46f2-8995-814db5be9b39,0b8afc8c-4b43-431d-93cf-57f98aea3f22.jpg?t=1774393103557,incentive-images/0b8afc8c-4b43-431d-93cf-57f98aea3f22.jpg?t=1774393103557,https://dqjjxkmjutejpdajbouy.supabase.co/storage/v1/object/public/brand-assets/incentive-images/0b8afc8c-4b43-431d-93cf-57f98aea3f22.jpg?t=1774393103557,image/jpeg,0,,2026-03-24 23:36:51.474912+00,[],,2026-03-24 23:36:51.474912+00
e234c935-e9c0-487e-b9df-97a666f77cd9,727544f7-c2fa-424f-bc60-0b2cbf405b95.jpg?t=1774394448813,incentive-images/727544f7-c2fa-424f-bc60-0b2cbf405b95.jpg?t=1774394448813,https://dqjjxkmjutejpdajbouy.supabase.co/storage/v1/object/public/brand-assets/incentive-images/727544f7-c2fa-424f-bc60-0b2cbf405b95.jpg?t=1774394448813,image/jpeg,0,,2026-03-24 23:36:51.474912+00,[],,2026-03-24 23:36:51.474912+00
e3bdc25e-0a31-40b1-b4dd-71542437231b,608bf2be-ee91-4acd-85fb-ce3d4ed50cc8.jpg?t=1774394493987,incentive-images/608bf2be-ee91-4acd-85fb-ce3d4ed50cc8.jpg?t=1774394493987,https://dqjjxkmjutejpdajbouy.supabase.co/storage/v1/object/public/brand-assets/incentive-images/608bf2be-ee91-4acd-85fb-ce3d4ed50cc8.jpg?t=1774394493987,image/jpeg,0,,2026-03-24 23:36:51.474912+00,[],,2026-03-24 23:36:51.474912+00
e42fa4c3-d8a0-4e73-8719-da923da66f44,2e267989-b8f5-4f7d-86d4-53a565bd0dc6.jpg?t=1774394461307,incentive-images/2e267989-b8f5-4f7d-86d4-53a565bd0dc6.jpg?t=1774394461307,https://dqjjxkmjutejpdajbouy.supabase.co/storage/v1/object/public/brand-assets/incentive-images/2e267989-b8f5-4f7d-86d4-53a565bd0dc6.jpg?t=1774394461307,image/jpeg,0,,2026-03-24 23:36:51.474912+00,[],,2026-03-24 23:36:51.474912+00
e49bee93-b0d9-4a93-98e9-1445b1e1b140,ab7ca28f-798a-4c80-9109-b4c9f1952bfd.jpg?t=1774394539454,incentive-images/ab7ca28f-798a-4c80-9109-b4c9f1952bfd.jpg?t=1774394539454,https://dqjjxkmjutejpdajbouy.supabase.co/storage/v1/object/public/brand-assets/incentive-images/ab7ca28f-798a-4c80-9109-b4c9f1952bfd.jpg?t=1774394539454,image/jpeg,0,,2026-03-24 23:36:51.474912+00,[],,2026-03-24 23:36:51.474912+00
e4f53ff9-c5c1-4592-aa5b-df054d6712b5,cc9247d9-544f-45c8-b5d9-65bc2e135850.jpg?t=1774394525218,incentive-images/cc9247d9-544f-45c8-b5d9-65bc2e135850.jpg?t=1774394525218,https://dqjjxkmjutejpdajbouy.supabase.co/storage/v1/object/public/brand-assets/incentive-images/cc9247d9-544f-45c8-b5d9-65bc2e135850.jpg?t=1774394525218,image/jpeg,0,,2026-03-24 23:36:51.474912+00,[],,2026-03-24 23:36:51.474912+00
e5a995fa-6d30-4c92-ac5a-8592af900965,f4f36bd8-0f30-422b-99c8-f73b133512a1.jpg?t=1774393035394,incentive-images/f4f36bd8-0f30-422b-99c8-f73b133512a1.jpg?t=1774393035394,https://dqjjxkmjutejpdajbouy.supabase.co/storage/v1/object/public/brand-assets/incentive-images/f4f36bd8-0f30-422b-99c8-f73b133512a1.jpg?t=1774393035394,image/jpeg,0,,2026-03-24 23:36:51.474912+00,[],,2026-03-24 23:36:51.474912+00
e62eff6e-655d-44d3-bc43-ecd0607ab9fe,de190b23-9858-473c-9780-11d36c32a958.jpg?t=1774393716574,incentive-images/de190b23-9858-473c-9780-11d36c32a958.jpg?t=1774393716574,https://dqjjxkmjutejpdajbouy.supabase.co/storage/v1/object/public/brand-assets/incentive-images/de190b23-9858-473c-9780-11d36c32a958.jpg?t=1774393716574,image/jpeg,0,,2026-03-24 23:36:51.474912+00,[],,2026-03-24 23:36:51.474912+00
e657a5bb-e4c5-4e7c-b600-5a912430e05f,cfc2dfe7-543a-454e-ab3d-6c68f8a57b49.jpg?t=1774393361584,incentive-images/cfc2dfe7-543a-454e-ab3d-6c68f8a57b49.jpg?t=1774393361584,https://dqjjxkmjutejpdajbouy.supabase.co/storage/v1/object/public/brand-assets/incentive-images/cfc2dfe7-543a-454e-ab3d-6c68f8a57b49.jpg?t=1774393361584,image/jpeg,0,,2026-03-24 23:36:51.474912+00,[],,2026-03-24 23:36:51.474912+00
e77b6542-5f8f-4e62-b53f-46eb40a2d12b,ae17e194-e416-45a2-a95d-d1e9d5adfc02.jpg?t=1774393187608,incentive-images/ae17e194-e416-45a2-a95d-d1e9d5adfc02.jpg?t=1774393187608,https://dqjjxkmjutejpdajbouy.supabase.co/storage/v1/object/public/brand-assets/incentive-images/ae17e194-e416-45a2-a95d-d1e9d5adfc02.jpg?t=1774393187608,image/jpeg,0,,2026-03-24 23:36:51.474912+00,[],,2026-03-24 23:36:51.474912+00
e805b467-231c-4757-a038-bbf70a85cbcf,4aee5e6a-3775-4dd0-9e58-3eff730a978d.jpg?t=1774393263030,incentive-images/4aee5e6a-3775-4dd0-9e58-3eff730a978d.jpg?t=1774393263030,https://dqjjxkmjutejpdajbouy.supabase.co/storage/v1/object/public/brand-assets/incentive-images/4aee5e6a-3775-4dd0-9e58-3eff730a978d.jpg?t=1774393263030,image/jpeg,0,,2026-03-24 23:36:51.474912+00,[],,2026-03-24 23:36:51.474912+00
e80c2a39-d299-4da4-8b50-495257e2ad3b,a1cfe217-485f-4930-b83e-e393028f1648.jpg?t=1774393562284,incentive-images/a1cfe217-485f-4930-b83e-e393028f1648.jpg?t=1774393562284,https://dqjjxkmjutejpdajbouy.supabase.co/storage/v1/object/public/brand-assets/incentive-images/a1cfe217-485f-4930-b83e-e393028f1648.jpg?t=1774393562284,image/jpeg,0,,2026-03-24 23:36:51.474912+00,[],,2026-03-24 23:36:51.474912+00
e9430328-9ecd-4128-a9c5-75c77a012077,98cbd0ed-da9a-476c-af9e-91d231024e0f.jpg?t=1774392552549,incentive-images/98cbd0ed-da9a-476c-af9e-91d231024e0f.jpg?t=1774392552549,https://dqjjxkmjutejpdajbouy.supabase.co/storage/v1/object/public/brand-assets/incentive-images/98cbd0ed-da9a-476c-af9e-91d231024e0f.jpg?t=1774392552549,image/jpeg,0,,2026-03-24 23:36:51.474912+00,[],,2026-03-24 23:36:51.474912+00
ea141d08-da67-41d2-b062-6e3151338cd8,e9c7d99e-13f6-4886-9c02-162ef091a2ce.jpg?t=1774393873184,incentive-images/e9c7d99e-13f6-4886-9c02-162ef091a2ce.jpg?t=1774393873184,https://dqjjxkmjutejpdajbouy.supabase.co/storage/v1/object/public/brand-assets/incentive-images/e9c7d99e-13f6-4886-9c02-162ef091a2ce.jpg?t=1774393873184,image/jpeg,0,,2026-03-24 23:36:51.474912+00,[],,2026-03-24 23:36:51.474912+00
ea73b3ba-8660-4b4f-911d-6297d118cf0c,e3ba4d51-3110-4294-bfee-3e2d8b5a0ca3.jpg?t=1774393220628,incentive-images/e3ba4d51-3110-4294-bfee-3e2d8b5a0ca3.jpg?t=1774393220628,https://dqjjxkmjutejpdajbouy.supabase.co/storage/v1/object/public/brand-assets/incentive-images/e3ba4d51-3110-4294-bfee-3e2d8b5a0ca3.jpg?t=1774393220628,image/jpeg,0,,2026-03-24 23:36:51.474912+00,[],,2026-03-24 23:36:51.474912+00
edb26bca-eb55-42c3-a0b3-b544b10cfa0d,98395562-c89b-4bbf-9c93-3d299b172a7b.jpg?t=1774393599427,incentive-images/98395562-c89b-4bbf-9c93-3d299b172a7b.jpg?t=1774393599427,https://dqjjxkmjutejpdajbouy.supabase.co/storage/v1/object/public/brand-assets/incentive-images/98395562-c89b-4bbf-9c93-3d299b172a7b.jpg?t=1774393599427,image/jpeg,0,,2026-03-24 23:36:51.474912+00,[],,2026-03-24 23:36:51.474912+00
edc95f2e-6c79-4223-8152-a37a7dfbdde0,33b17dbe-4b9e-491c-acaa-30c141c4a126.jpg?t=1774392435840,incentive-images/33b17dbe-4b9e-491c-acaa-30c141c4a126.jpg?t=1774392435840,https://dqjjxkmjutejpdajbouy.supabase.co/storage/v1/object/public/brand-assets/incentive-images/33b17dbe-4b9e-491c-acaa-30c141c4a126.jpg?t=1774392435840,image/jpeg,0,,2026-03-24 23:36:51.474912+00,[],,2026-03-24 23:36:51.474912+00
ee6b4fa5-4c0f-4d92-a458-b3905d81fb64,b0b54b0b-e7b1-4eaf-ba3f-85612620f795.jpg?t=1774393234971,incentive-images/b0b54b0b-e7b1-4eaf-ba3f-85612620f795.jpg?t=1774393234971,https://dqjjxkmjutejpdajbouy.supabase.co/storage/v1/object/public/brand-assets/incentive-images/b0b54b0b-e7b1-4eaf-ba3f-85612620f795.jpg?t=1774393234971,image/jpeg,0,,2026-03-24 23:36:51.474912+00,[],,2026-03-24 23:36:51.474912+00
ef18c4ea-20d8-4a7f-b84d-f7453fdf287c,ff995dea-de3b-4bea-bfee-54f56c177ab4.jpg?t=1774392670665,incentive-images/ff995dea-de3b-4bea-bfee-54f56c177ab4.jpg?t=1774392670665,https://dqjjxkmjutejpdajbouy.supabase.co/storage/v1/object/public/brand-assets/incentive-images/ff995dea-de3b-4bea-bfee-54f56c177ab4.jpg?t=1774392670665,image/jpeg,0,,2026-03-24 23:36:51.474912+00,[],,2026-03-24 23:36:51.474912+00
f13a6a12-fa90-4694-b78f-55ebf7ac241d,0848439e-dd94-4e78-95ef-67c614b463dc.jpg?t=1774392613455,incentive-images/0848439e-dd94-4e78-95ef-67c614b463dc.jpg?t=1774392613455,https://dqjjxkmjutejpdajbouy.supabase.co/storage/v1/object/public/brand-assets/incentive-images/0848439e-dd94-4e78-95ef-67c614b463dc.jpg?t=1774392613455,image/jpeg,0,,2026-03-24 23:36:51.474912+00,[],,2026-03-24 23:36:51.474912+00
f1744b3d-2b2e-4b57-a8d2-87e458fc203f,3153a3cb-e51c-42ed-b43e-73cc490c58f1.jpg?t=1774394362279,incentive-images/3153a3cb-e51c-42ed-b43e-73cc490c58f1.jpg?t=1774394362279,https://dqjjxkmjutejpdajbouy.supabase.co/storage/v1/object/public/brand-assets/incentive-images/3153a3cb-e51c-42ed-b43e-73cc490c58f1.jpg?t=1774394362279,image/jpeg,0,,2026-03-24 23:36:51.474912+00,[],,2026-03-24 23:36:51.474912+00
f1f9cd98-c3ba-484d-9572-393a0d6c64c4,79fee1f7-764e-4e7b-989d-8f920088eb94.jpg?t=1774393164927,incentive-images/79fee1f7-764e-4e7b-989d-8f920088eb94.jpg?t=1774393164927,https://dqjjxkmjutejpdajbouy.supabase.co/storage/v1/object/public/brand-assets/incentive-images/79fee1f7-764e-4e7b-989d-8f920088eb94.jpg?t=1774393164927,image/jpeg,0,,2026-03-24 23:36:51.474912+00,[],,2026-03-24 23:36:51.474912+00
f344d926-6c82-46fc-97c2-bd07ea5e38c5,45ee3495-9338-49c4-9db3-94834dfbcd72.jpg?t=1774393331862,incentive-images/45ee3495-9338-49c4-9db3-94834dfbcd72.jpg?t=1774393331862,https://dqjjxkmjutejpdajbouy.supabase.co/storage/v1/object/public/brand-assets/incentive-images/45ee3495-9338-49c4-9db3-94834dfbcd72.jpg?t=1774393331862,image/jpeg,0,,2026-03-24 23:36:51.474912+00,[],,2026-03-24 23:36:51.474912+00
f3bfbae9-578a-4670-b213-2cffa3a6756d,ed6ef009-4be2-4165-90a0-9eeefdcedfa8.jpg?t=1774392972644,incentive-images/ed6ef009-4be2-4165-90a0-9eeefdcedfa8.jpg?t=1774392972644,https://dqjjxkmjutejpdajbouy.supabase.co/storage/v1/object/public/brand-assets/incentive-images/ed6ef009-4be2-4165-90a0-9eeefdcedfa8.jpg?t=1774392972644,image/jpeg,0,,2026-03-24 23:36:51.474912+00,[],,2026-03-24 23:36:51.474912+00
f7220291-a302-404f-a532-1c18ff034a02,0d10b604-ba67-484b-a961-00aa295cdd74.jpg?t=1774394307900,incentive-images/0d10b604-ba67-484b-a961-00aa295cdd74.jpg?t=1774394307900,https://dqjjxkmjutejpdajbouy.supabase.co/storage/v1/object/public/brand-assets/incentive-images/0d10b604-ba67-484b-a961-00aa295cdd74.jpg?t=1774394307900,image/jpeg,0,,2026-03-24 23:36:51.474912+00,[],,2026-03-24 23:36:51.474912+00
f85b15cf-849a-410e-aaaf-79d310e70aa4,209c0ce1-a418-4f9f-a7ae-6ee2fbc26d6f.jpg?t=1774392642960,incentive-images/209c0ce1-a418-4f9f-a7ae-6ee2fbc26d6f.jpg?t=1774392642960,https://dqjjxkmjutejpdajbouy.supabase.co/storage/v1/object/public/brand-assets/incentive-images/209c0ce1-a418-4f9f-a7ae-6ee2fbc26d6f.jpg?t=1774392642960,image/jpeg,0,,2026-03-24 23:36:51.474912+00,[],,2026-03-24 23:36:51.474912+00
f92b4ef2-f630-4829-8af7-8168f33aacf6,fdb59128-1cdd-427d-a1a6-80e162c26724.jpg?t=1774392947689,incentive-images/fdb59128-1cdd-427d-a1a6-80e162c26724.jpg?t=1774392947689,https://dqjjxkmjutejpdajbouy.supabase.co/storage/v1/object/public/brand-assets/incentive-images/fdb59128-1cdd-427d-a1a6-80e162c26724.jpg?t=1774392947689,image/jpeg,0,,2026-03-24 23:36:51.474912+00,[],,2026-03-24 23:36:51.474912+00
faa34a86-6e0f-4c82-91d1-94556039f18d,3d0b1e58-c17d-4d71-bc4b-dca65c7f3d6e.jpg?t=1774392530006,incentive-images/3d0b1e58-c17d-4d71-bc4b-dca65c7f3d6e.jpg?t=1774392530006,https://dqjjxkmjutejpdajbouy.supabase.co/storage/v1/object/public/brand-assets/incentive-images/3d0b1e58-c17d-4d71-bc4b-dca65c7f3d6e.jpg?t=1774392530006,image/jpeg,0,,2026-03-24 23:36:51.474912+00,[],,2026-03-24 23:36:51.474912+00
fb6a83bb-b046-4627-8e95-3eab3ddd0c72,b318c069-df13-432d-9e24-d10d010a554c.jpg?t=1774394407588,incentive-images/b318c069-df13-432d-9e24-d10d010a554c.jpg?t=1774394407588,https://dqjjxkmjutejpdajbouy.supabase.co/storage/v1/object/public/brand-assets/incentive-images/b318c069-df13-432d-9e24-d10d010a554c.jpg?t=1774394407588,image/jpeg,0,,2026-03-24 23:36:51.474912+00,[],,2026-03-24 23:36:51.474912+00
fbf50bee-15e7-4429-bf52-e2fda68c644a,599e47b4-6961-40fe-8e06-54cda6d3ae71.jpg?t=1774394152423,incentive-images/599e47b4-6961-40fe-8e06-54cda6d3ae71.jpg?t=1774394152423,https://dqjjxkmjutejpdajbouy.supabase.co/storage/v1/object/public/brand-assets/incentive-images/599e47b4-6961-40fe-8e06-54cda6d3ae71.jpg?t=1774394152423,image/jpeg,0,,2026-03-24 23:36:51.474912+00,[],,2026-03-24 23:36:51.474912+00
fcbd5015-4642-48f7-b3ad-5403a4291b0c,bfe25af0-637e-4a45-bd76-f855824b77d2.jpg?t=1774394005663,incentive-images/bfe25af0-637e-4a45-bd76-f855824b77d2.jpg?t=1774394005663,https://dqjjxkmjutejpdajbouy.supabase.co/storage/v1/object/public/brand-assets/incentive-images/bfe25af0-637e-4a45-bd76-f855824b77d2.jpg?t=1774394005663,image/jpeg,0,,2026-03-24 23:36:51.474912+00,[],,2026-03-24 23:36:51.474912+00
fcf35a3b-81c1-424c-b308-b50077b1f60f,d17c1292-522d-474f-a6e9-3a81aa360f40.jpg?t=1774393847117,incentive-images/d17c1292-522d-474f-a6e9-3a81aa360f40.jpg?t=1774393847117,https://dqjjxkmjutejpdajbouy.supabase.co/storage/v1/object/public/brand-assets/incentive-images/d17c1292-522d-474f-a6e9-3a81aa360f40.jpg?t=1774393847117,image/jpeg,0,,2026-03-24 23:36:51.474912+00,[],,2026-03-24 23:36:51.474912+00
fe409661-1958-4ef2-b730-a7734baf398f,6773d7c5-ab92-40dc-948d-0cdc72dacf85.jpg?t=1774394248989,incentive-images/6773d7c5-ab92-40dc-948d-0cdc72dacf85.jpg?t=1774394248989,https://dqjjxkmjutejpdajbouy.supabase.co/storage/v1/object/public/brand-assets/incentive-images/6773d7c5-ab92-40dc-948d-0cdc72dacf85.jpg?t=1774394248989,image/jpeg,0,,2026-03-24 23:36:51.474912+00,[],,2026-03-24 23:36:51.474912+00
ffea6fc7-0c9a-4d1e-91da-be719085c1d4,18292eda-f5d0-43ca-a3c9-f7c579a6934f.jpg?t=1774393284261,incentive-images/18292eda-f5d0-43ca-a3c9-f7c579a6934f.jpg?t=1774393284261,https://dqjjxkmjutejpdajbouy.supabase.co/storage/v1/object/public/brand-assets/incentive-images/18292eda-f5d0-43ca-a3c9-f7c579a6934f.jpg?t=1774393284261,image/jpeg,0,,2026-03-24 23:36:51.474912+00,[],,2026-03-24 23:36:51.474912+00